Id,AllowableRace,Description,Name4,Name3,Name2,Name1,DmgVariance,DurationInInventory,QualityModifier,BagFamily,RangeMod,StatPercentageOfSocket1,StatPercentageOfSocket2,StatPercentageOfSocket3,StatPercentageOfSocket4,StatPercentageOfSocket5,StatPercentageOfSocket6,StatPercentageOfSocket7,StatPercentageOfSocket8,StatPercentageOfSocket9,StatPercentageOfSocket10,StatPercentEditor1,StatPercentEditor2,StatPercentEditor3,StatPercentEditor4,StatPercentEditor5,StatPercentEditor6,StatPercentEditor7,StatPercentEditor8,StatPercentEditor9,StatPercentEditor10,Stackable,MaxCount,RequiredAbility,SellPrice,BuyPrice,VendorStackCount,PriceVariance,PriceRandomValue,Flags1,Flags2,Flags3,Flags4,OppositeFactionItemId,MaxDurability,ItemNameDescriptionId,RequiredTransmogHoliday,RequiredHoliday,LimitCategory,GemProperties,SocketMatchEnchantmentId,TotemCategoryId,InstanceBound,ZoneBound1,ZoneBound2,ItemSet,LockId,StartQuestId,PageText,Delay,RequiredReputationId,RequiredSkillRank,RequiredSkill,ItemLevel,AllowableClass,ItemRandomSuffixGroupId,RandomProperty,DamageMin1,DamageMin2,DamageMin3,DamageMin4,DamageMin5,DamageMax1,DamageMax2,DamageMax3,DamageMax4,DamageMax5,Armor,HolyResistance,FireResistance,NatureResistance,FrostResistance,ShadowResistance,ArcaneResistance,ScalingStatDistributionId,ExpansionId,ArtifactId,SpellWeight,SpellWeightCategory,SocketType1,SocketType2,SocketType3,SheatheType,Material,PageMaterial,PageLanguage,Bonding,DamageType,StatType1,StatType2,StatType3,StatType4,StatType5,StatType6,StatType7,StatType8,StatType9,StatType10,ContainerSlots,RequiredReputationRank,RequiredCityRank,RequiredHonorRank,InventoryType,OverallQualityId,AmmoType,StatValue1,StatValue2,StatValue3,StatValue4,StatValue5,StatValue6,StatValue7,StatValue8,StatValue9,StatValue10,RequiredLevel
"905","-1","","","","","Brown Leather Shoulderpads (Test)","1","0","0","0","0","0","0","0","0","0","0","0","0","0","0","0","0","0","0","0","0","0","0","0","0","1","0","0","1","4","1","1","1","0","24580","0","0","0","20","0","0","0","0","0","0","0","0","0","0","0","0","0","0","0","0","0","0","1","-1","0","0","0","0","0","0","0","0","0","0","0","0","2","0","0","0","0","0","0","0","254","0","0","0","0","0","0","0","7","0","0","0","0","-1","-1","-1","-1","-1","-1","-1","-1","-1","-1","0","0","0","0","3","1","0","0","0","0","0","0","0","0","0","0","0","1"
"1041","511","","","","","Horn of the Black Wolf","1","0","0","0","0","0","0","0","0","0","0","0","0","0","0","0","0","0","0","0","0","0","0","0","0","1","0","0","0","100000","1","1","1","80","24580","0","0","0","0","0","0","0","0","0","0","0","0","0","0","0","0","0","0","0","0","75","0","40","-1","0","0","0","0","0","0","0","0","0","0","0","0","0","0","0","0","0","0","0","0","254","0","0","0","0","0","0","0","0","0","0","1","0","-1","-1","-1","-1","-1","-1","-1","-1","-1","-1","0","0","0","0","0","3","0","0","0","0","0","0","0","0","0","0","0","40"
"1132","178","","","","","Horn of the Timber Wolf","1","0","0","0","0","0","0","0","0","0","0","0","0","0","0","0","0","0","0","0","0","0","0","0","0","1","0","0","0","100000","1","1","1","64","24580","0","0","0","0","0","0","0","0","0","0","0","0","0","0","0","0","0","0","0","0","75","0","40","-1","0","0","0","0","0","0","0","0","0","0","0","0","0","0","0","0","0","0","0","0","254","0","0","0","0","0","0","0","0","0","0","1","0","-1","-1","-1","-1","-1","-1","-1","-1","-1","-1","0","0","0","0","0","3","0","0","0","0","0","0","0","0","0","0","0","40"
"1133","511","","","","","Horn of the Winter Wolf","1","0","0","0","0","0","0","0","0","0","0","0","0","0","0","0","0","0","0","0","0","0","0","0","0","1","0","0","0","100000","1","1","1","80","24580","0","0","0","0","0","0","0","0","0","0","0","0","0","0","0","0","0","0","0","0","75","0","40","-1","0","0","0","0","0","0","0","0","0","0","0","0","0","0","0","0","0","0","0","0","254","0","0","0","0","0","0","0","0","0","0","1","0","-1","-1","-1","-1","-1","-1","-1","-1","-1","-1","0","0","0","0","0","3","0","0","0","0","0","0","0","0","0","0","0","40"
"1134","511","","","","","Horn of the Gray Wolf","1","0","0","0","0","0","0","0","0","0","0","0","0","0","0","0","0","0","0","0","0","0","0","0","0","1","0","0","0","100000","1","1","1","80","24580","0","0","0","0","0","0","0","0","0","0","0","0","0","0","0","0","0","0","0","0","75","0","40","-1","0","0","0","0","0","0","0","0","0","0","0","0","0","0","0","0","0","0","0","0","254","0","0","0","0","0","0","0","0","0","0","1","0","-1","-1","-1","-1","-1","-1","-1","-1","-1","-1","0","0","0","0","0","3","0","0","0","0","0","0","0","0","0","0","0","40"
"1262","-1","","","","","Keg of Thunderbrew Lager","1","0","0","0","0","0","0","0","0","0","0","0","0","0","0","0","0","0","0","0","0","0","0","0","0","1","0","0","111","445","1","1","1","0","24580","0","0","0","0","0","0","0","0","0","0","0","0","0","0","0","0","0","0","0","0","0","0","15","-1","0","0","0","0","0","0","0","0","0","0","0","0","0","0","0","0","0","0","0","0","254","0","0","0","0","0","0","0","0","0","0","1","0","-1","-1","-1","-1","-1","-1","-1","-1","-1","-1","0","0","0","0","0","1","0","0","0","0","0","0","0","0","0","0","0","0"
"2411","77","","","","","Black Stallion Bridle","1","0","0","0","0","0","0","0","0","0","0","0","0","0","0","0","0","0","0","0","0","0","0","0","0","1","0","0","0","100000","1","1","1","64","24580","0","0","0","0","0","0","0","0","0","0","0","0","0","0","0","0","0","0","0","0","75","0","40","-1","0","0","0","0","0","0","0","0","0","0","0","0","0","0","0","0","0","0","0","0","254","0","0","0","0","0","0","0","0","0","0","1","0","-1","-1","-1","-1","-1","-1","-1","-1","-1","-1","0","0","0","0","0","3","0","0","0","0","0","0","0","0","0","0","0","40"
"2413","511","","","","","Palomino","1","0","0","0","0","0","0","0","0","0","0","0","0","0","0","0","0","0","0","0","0","0","0","0","0","1","0","0","0","100000","1","1","1","80","24580","0","0","0","0","0","0","0","0","0","0","0","0","0","0","0","0","0","0","0","0","75","0","40","-1","0","0","0","0","0","0","0","0","0","0","0","0","0","0","0","0","0","0","0","0","254","0","0","0","0","0","0","0","0","0","0","1","0","-1","-1","-1","-1","-1","-1","-1","-1","-1","-1","0","0","0","0","0","3","0","0","0","0","0","0","0","0","0","0","0","40"
"2414","77","","","","","Pinto Bridle","1","0","0","0","0","0","0","0","0","0","0","0","0","0","0","0","0","0","0","0","0","0","0","0","0","1","0","0","0","100000","1","1","1","64","24580","0","0","0","0","0","0","0","0","0","0","0","0","0","0","0","0","0","0","0","0","75","0","40","-1","0","0","0","0","0","0","0","0","0","0","0","0","0","0","0","0","0","0","0","0","254","0","0","0","0","0","0","0","0","0","0","1","0","-1","-1","-1","-1","-1","-1","-1","-1","-1","-1","0","0","0","0","0","3","0","0","0","0","0","0","0","0","0","0","0","40"
"2415","511","","","","","White Stallion","1","0","0","0","0","0","0","0","0","0","0","0","0","0","0","0","0","0","0","0","0","0","0","0","0","1","0","0","0","100000","1","1","1","80","24580","0","0","0","0","0","0","0","0","0","0","0","0","0","0","0","0","0","0","0","0","75","0","40","-1","0","0","0","0","0","0","0","0","0","0","0","0","0","0","0","0","0","0","0","0","254","0","0","0","0","0","0","0","0","0","0","1","0","-1","-1","-1","-1","-1","-1","-1","-1","-1","-1","0","0","0","0","0","3","0","0","0","0","0","0","0","0","0","0","0","40"
"2593","-1","","","","","Flask of Port","1","0","0","0","0","0","0","0","0","0","0","0","0","0","0","0","0","0","0","0","0","0","0","0","0","20","0","0","37","150","1","1","1","0","24580","0","0","0","0","0","0","0","0","0","0","0","0","0","0","0","0","0","0","0","0","0","0","15","-1","0","0","0","0","0","0","0","0","0","0","0","0","0","0","0","0","0","0","0","0","254","0","0","0","0","0","0","0","3","0","0","0","0","-1","-1","-1","-1","-1","-1","-1","-1","-1","-1","0","0","0","0","0","1","0","0","0","0","0","0","0","0","0","0","0","0"
"2594","-1","","","","","Flagon of Mead","1","0","0","0","0","0","0","0","0","0","0","0","0","0","0","0","0","0","0","0","0","0","0","0","0","20","0","0","375","1500","1","1","1","0","24580","0","0","0","0","0","0","0","0","0","0","0","0","0","0","0","0","0","0","0","0","0","0","25","-1","0","0","0","0","0","0","0","0","0","0","0","0","0","0","0","0","0","0","0","0","254","0","0","0","0","0","0","0","3","0","0","0","0","-1","-1","-1","-1","-1","-1","-1","-1","-1","-1","0","0","0","0","0","1","0","0","0","0","0","0","0","0","0","0","0","0"
"2595","-1","","","","","Jug of Bourbon","1","0","0","0","0","0","0","0","0","0","0","0","0","0","0","0","0","0","0","0","0","0","0","0","0","20","0","0","500","2000","1","1","1","0","24580","0","0","0","0","0","0","0","0","0","0","0","0","0","0","0","0","0","0","0","0","0","0","35","-1","0","0","0","0","0","0","0","0","0","0","0","0","0","0","0","0","0","0","0","0","254","0","0","0","0","0","0","0","0","0","0","0","0","-1","-1","-1","-1","-1","-1","-1","-1","-1","-1","0","0","0","0","0","1","0","0","0","0","0","0","0","0","0","0","0","0"
"2723","-1","","","","","Bottle of Pinot Noir","1","0","0","0","0","0","0","0","0","0","0","0","0","0","0","0","0","0","0","0","0","0","0","0","0","20","0","0","12","50","1","1","1","0","24580","0","0","0","0","0","0","0","0","0","0","0","0","0","0","0","0","0","0","0","0","0","0","1","-1","0","0","0","0","0","0","0","0","0","0","0","0","0","0","0","0","0","0","0","0","254","0","0","0","0","0","0","0","3","0","0","0","0","-1","-1","-1","-1","-1","-1","-1","-1","-1","-1","0","0","0","0","0","1","0","0","0","0","0","0","0","0","0","0","0","1"
"2931","-1","Used by rogues to brew poison.","","","","Maiden's Anguish","1","0","0","0","0","0","0","0","0","0","0","0","0","0","0","0","0","0","0","0","0","0","0","0","0","10","0","0","25","100","1","1","1","16","24580","0","0","0","0","0","0","0","0","0","0","0","0","0","0","0","0","0","0","0","0","0","0","34","8","0","0","0","0","0","0","0","0","0","0","0","0","0","0","0","0","0","0","0","0","254","0","0","0","0","0","0","0","7","0","0","0","0","-1","-1","-1","-1","-1","-1","-1","-1","-1","-1","0","0","0","0","0","1","0","0","0","0","0","0","0","0","0","0","0","0"
"3034","-1","","","","","BKP ""Impact"" Shot","1","0","0","2","0","0","0","0","0","0","0","0","0","0","0","0","0","0","0","0","0","0","0","0","0","200","0","0","0","450","200","1","1","16","24580","0","0","0","0","0","0","0","0","0","0","0","0","0","0","0","0","0","0","3000","0","0","0","35","-1","0","0","9","0","0","0","0","9","0","0","0","0","0","0","0","0","0","0","0","0","254","0","0","0","0","0","0","0","2","0","0","0","0","-1","-1","-1","-1","-1","-1","-1","-1","-1","-1","0","0","0","0","24","1","0","0","0","0","0","0","0","0","0","0","0","30"
"3777","-1","Used by rogues to brew poison.","","","","Lethargy Root","1","0","0","0","0","0","0","0","0","0","0","0","0","0","0","0","0","0","0","0","0","0","0","0","0","20","0","0","10","40","1","1","1","0","24580","0","0","0","0","0","0","0","0","0","0","0","0","0","0","0","0","0","0","0","0","0","0","28","8","0","0","0","0","0","0","0","0","0","0","0","0","0","0","0","0","0","0","0","0","254","0","0","0","0","0","0","0","7","0","0","0","0","-1","-1","-1","-1","-1","-1","-1","-1","-1","-1","0","0","0","0","0","0","0","0","0","0","0","0","0","0","0","0","0","0"
"4953","-1","","","","","Trogg Ale","1","0","0","0","0","0","0","0","0","0","0","0","0","0","0","0","0","0","0","0","0","0","0","0","0","10","0","0","88","355","1","1","1","0","24580","0","0","0","0","0","0","0","0","0","0","0","0","0","0","0","0","0","0","0","0","0","0","17","-1","0","0","0","0","0","0","0","0","0","0","0","0","0","0","0","0","0","0","0","0","254","0","0","0","0","0","0","0","0","0","0","1","0","-1","-1","-1","-1","-1","-1","-1","-1","-1","-1","0","0","0","0","0","1","0","0","0","0","0","0","0","0","0","0","0","0"
"5022","-1","","","","","Barak's Head","1","0","0","0","0","0","0","0","0","0","0","0","0","0","0","0","0","0","0","0","0","0","0","0","0","1","1","0","0","0","1","1","1","2048","24580","0","0","0","0","0","0","0","0","0","0","0","0","0","0","0","0","0","0","0","0","0","0","1","-1","0","0","0","0","0","0","0","0","0","0","0","0","0","0","0","0","0","0","0","0","254","0","0","0","0","0","0","0","0","0","0","4","0","-1","-1","-1","-1","-1","-1","-1","-1","-1","-1","0","0","0","0","0","1","0","0","0","0","0","0","0","0","0","0","0","0"
"5655","77","","","","","Chestnut Mare Bridle","1","0","0","0","0","0","0","0","0","0","0","0","0","0","0","0","0","0","0","0","0","0","0","0","0","1","0","0","0","100000","1","1","1","64","24580","0","0","0","0","0","0","0","0","0","0","0","0","0","0","0","0","0","0","0","0","75","0","40","-1","0","0","0","0","0","0","0","0","0","0","0","0","0","0","0","0","0","0","0","0","254","0","0","0","0","0","0","0","0","0","0","1","0","-1","-1","-1","-1","-1","-1","-1","-1","-1","-1","0","0","0","0","0","3","0","0","0","0","0","0","0","0","0","0","0","40"
"5656","77","","","","","Brown Horse Bridle","1","0","0","0","0","0","0","0","0","0","0","0","0","0","0","0","0","0","0","0","0","0","0","0","0","1","0","0","0","100000","1","1","1","64","24580","0","0","0","0","0","0","0","0","0","0","0","0","0","0","0","0","0","0","0","0","75","0","40","-1","0","0","0","0","0","0","0","0","0","0","0","0","0","0","0","0","0","0","0","0","254","0","0","0","0","0","0","0","0","0","0","1","0","-1","-1","-1","-1","-1","-1","-1","-1","-1","-1","0","0","0","0","0","3","0","0","0","0","0","0","0","0","0","0","0","40"
"5663","511","","","","","Horn of the Red Wolf","1","0","0","0","0","0","0","0","0","0","0","0","0","0","0","0","0","0","0","0","0","0","0","0","0","1","0","0","0","1000000","1","1","1","80","24580","0","0","0","0","0","0","0","0","0","0","0","0","0","0","0","0","0","0","0","0","150","0","40","-1","0","0","0","0","0","0","0","0","0","0","0","0","0","0","0","0","0","0","0","0","254","0","0","0","0","0","0","0","0","0","0","1","0","-1","-1","-1","-1","-1","-1","-1","-1","-1","-1","0","0","0","0","0","4","0","0","0","0","0","0","0","0","0","0","0","40"
"5665","178","","","","","Horn of the Dire Wolf","1","0","0","0","0","0","0","0","0","0","0","0","0","0","0","0","0","0","0","0","0","0","0","0","0","1","0","0","0","100000","1","1","1","64","24580","0","0","0","0","0","0","0","0","0","0","0","0","0","0","0","0","0","0","0","0","75","0","40","-1","0","0","0","0","0","0","0","0","0","0","0","0","0","0","0","0","0","0","0","0","254","0","0","0","0","0","0","0","0","0","0","1","0","-1","-1","-1","-1","-1","-1","-1","-1","-1","-1","0","0","0","0","0","3","0","0","0","0","0","0","0","0","0","0","0","40"
"5668","178","","","","","Horn of the Brown Wolf","1","0","0","0","0","0","0","0","0","0","0","0","0","0","0","0","0","0","0","0","0","0","0","0","0","1","0","0","0","100000","1","1","1","64","24580","0","0","0","0","0","0","0","0","0","0","0","0","0","0","0","0","0","0","0","0","75","0","40","-1","0","0","0","0","0","0","0","0","0","0","0","0","0","0","0","0","0","0","0","0","254","0","0","0","0","0","0","0","0","0","0","1","0","-1","-1","-1","-1","-1","-1","-1","-1","-1","-1","0","0","0","0","0","3","0","0","0","0","0","0","0","0","0","0","0","40"
"5864","77","","","","","Gray Ram","1","0","0","0","0","0","0","0","0","0","0","0","0","0","0","0","0","0","0","0","0","0","0","0","0","1","0","0","0","100000","1","1","1","64","24580","0","0","0","0","0","0","0","0","0","0","0","0","0","0","0","0","0","0","0","0","75","0","40","-1","0","0","0","0","0","0","0","0","0","0","0","0","0","0","0","0","0","0","0","0","254","0","0","0","0","0","0","0","0","0","0","1","0","-1","-1","-1","-1","-1","-1","-1","-1","-1","-1","0","0","0","0","0","3","0","0","0","0","0","0","0","0","0","0","0","40"
"5872","77","","","","","Brown Ram","1","0","0","0","0","0","0","0","0","0","0","0","0","0","0","0","0","0","0","0","0","0","0","0","0","1","0","0","0","100000","1","1","1","64","24580","0","0","0","0","0","0","0","0","0","0","0","0","0","0","0","0","0","0","0","0","75","0","40","-1","0","0","0","0","0","0","0","0","0","0","0","0","0","0","0","0","0","0","0","0","254","0","0","0","0","0","0","0","0","0","0","1","0","-1","-1","-1","-1","-1","-1","-1","-1","-1","-1","0","0","0","0","0","3","0","0","0","0","0","0","0","0","0","0","0","40"
"5873","77","","","","","White Ram","1","0","0","0","0","0","0","0","0","0","0","0","0","0","0","0","0","0","0","0","0","0","0","0","0","1","0","0","0","100000","1","1","1","64","24580","0","0","0","0","0","0","0","0","0","0","0","0","0","0","0","0","0","0","0","0","75","0","40","-1","0","0","0","0","0","0","0","0","0","0","0","0","0","0","0","0","0","0","0","0","254","0","0","0","0","0","0","0","0","0","0","1","0","-1","-1","-1","-1","-1","-1","-1","-1","-1","-1","0","0","0","0","0","3","0","0","0","0","0","0","0","0","0","0","0","40"
"5874","511","","","","","Harness: Black Ram","1","0","0","0","0","0","0","0","0","0","0","0","0","0","0","0","0","0","0","0","0","0","0","0","0","1","0","0","0","100000","1","1","1","80","24580","0","0","0","0","0","0","0","0","0","0","0","0","0","0","0","0","0","0","0","0","75","0","40","-1","0","0","0","0","0","0","0","0","0","0","0","0","0","0","0","0","0","0","0","0","254","0","0","0","0","0","0","0","0","0","0","1","0","-1","-1","-1","-1","-1","-1","-1","-1","-1","-1","0","0","0","0","0","3","0","0","0","0","0","0","0","0","0","0","0","40"
"5875","511","","","","","Harness: Blue Ram","1","0","0","0","0","0","0","0","0","0","0","0","0","0","0","0","0","0","0","0","0","0","0","0","0","1","0","0","0","100000","1","1","1","80","24580","0","0","0","0","0","0","0","0","0","0","0","0","0","0","0","0","0","0","0","0","75","0","40","-1","0","0","0","0","0","0","0","0","0","0","0","0","0","0","0","0","0","0","0","0","254","0","0","0","0","0","0","0","0","0","0","1","0","-1","-1","-1","-1","-1","-1","-1","-1","-1","-1","0","0","0","0","0","3","0","0","0","0","0","0","0","0","0","0","0","40"
"6075","-1","","","","","Vimes's Report","1","0","0","0","0","0","0","0","0","0","0","0","0","0","0","0","0","0","0","0","0","0","0","0","0","1","1","0","0","0","1","1","1","0","24580","0","0","0","0","0","0","0","0","0","0","0","0","0","0","0","0","1288","0","0","0","0","0","1","-1","0","0","0","0","0","0","0","0","0","0","0","0","0","0","0","0","0","0","0","0","254","0","0","0","0","0","0","0","0","0","0","5","0","-1","-1","-1","-1","-1","-1","-1","-1","-1","-1","0","0","0","0","0","1","0","0","0","0","0","0","0","0","0","0","0","0"
"6766","255","","","","","Flayed Demon Skin (old2)","1","0","0","0","0","0","0","0","0","0","0","0","0","0","0","0","0","0","0","0","0","0","0","0","0","1","1","0","0","0","1","1","1","2048","24580","0","0","0","0","0","0","0","0","0","0","0","0","0","0","0","0","0","0","0","0","0","0","25","2047","0","0","0","0","0","0","0","0","0","0","0","0","0","0","0","0","0","0","0","0","254","0","0","0","0","0","0","0","0","0","0","1","0","-1","-1","-1","-1","-1","-1","-1","-1","-1","-1","0","0","0","0","0","1","0","0","0","0","0","0","0","0","0","0","0","25"
"7228","-1","","","","","Tigule and Foror's Strawberry Ice Cream","1","0","0","0","0","0","0","0","0","0","0","0","0","0","0","0","0","0","0","0","0","0","0","0","0","20","0","0","25","500","5","1","1","0","24580","0","0","0","0","0","0","0","0","0","0","0","0","0","0","0","0","0","0","0","0","0","0","25","-1","0","0","0","0","0","0","0","0","0","0","0","0","0","0","0","0","0","0","0","0","254","0","0","0","0","0","0","0","0","0","0","0","0","-1","-1","-1","-1","-1","-1","-1","-1","-1","-1","0","0","0","0","0","1","0","0","0","0","0","0","0","0","0","0","0","15"
"7725","-1","","","","","Tabard of the Scarlet Crusade","1","0","0","0","0","0","0","0","0","0","0","0","0","0","0","0","0","0","0","0","0","0","0","0","0","1","1","0","7143","28575","1","1","1","16","24580","0","0","0","0","0","0","0","0","0","0","0","0","0","0","0","0","0","0","0","0","0","0","1","-1","0","0","0","0","0","0","0","0","0","0","0","0","0","0","0","0","0","0","0","0","254","0","0","0","0","0","0","0","7","0","0","1","0","-1","-1","-1","-1","-1","-1","-1","-1","-1","-1","0","0","0","0","19","1","0","0","0","0","0","0","0","0","0","0","0","0"
"8383","-1","","","","","Plain Letter","1","0","0","0","0","0","0","0","0","0","0","0","0","0","0","0","0","0","0","0","0","0","0","0","0","1","0","0","0","0","1","1","1","0","24580","0","0","0","0","0","0","0","0","0","0","0","0","0","0","0","0","0","0","0","0","0","0","0","-1","0","0","0","0","0","0","0","0","0","0","0","0","0","0","0","0","0","0","0","0","254","0","0","0","0","0","0","0","0","0","0","0","0","-1","-1","-1","-1","-1","-1","-1","-1","-1","-1","0","0","0","0","0","1","0","0","0","0","0","0","0","0","0","0","0","0"
"8563","68","","","","","Red Mechanostrider","1","0","0","0","0","0","0","0","0","0","0","0","0","0","0","0","0","0","0","0","0","0","0","0","0","1","0","0","0","100000","1","1","1","64","24580","0","0","0","0","0","0","0","0","0","0","0","0","0","0","0","0","0","0","0","0","75","0","40","-1","0","0","0","0","0","0","0","0","0","0","0","0","0","0","0","0","0","0","0","0","254","0","0","0","0","0","0","0","0","0","0","1","0","-1","-1","-1","-1","-1","-1","-1","-1","-1","-1","0","0","0","0","0","3","0","0","0","0","0","0","0","0","0","0","0","40"
"8583","511","","","","","Horn of the Skeletal Mount","1","0","0","0","0","0","0","0","0","0","0","0","0","0","0","0","0","0","0","0","0","0","0","0","0","1","0","0","0","100000","1","1","1","80","24580","0","0","0","0","0","0","0","0","0","0","0","0","0","0","0","0","0","0","0","0","75","0","40","-1","0","0","0","0","0","0","0","0","0","0","0","0","0","0","0","0","0","0","0","0","254","0","0","0","0","0","0","0","0","0","0","1","0","-1","-1","-1","-1","-1","-1","-1","-1","-1","-1","0","0","0","0","0","3","0","0","0","0","0","0","0","0","0","0","0","40"
"8586","146","","","","","Whistle of the Mottled Red Raptor","1","0","0","0","0","0","0","0","0","0","0","0","0","0","0","0","0","0","0","0","0","0","0","0","0","1","0","0","0","1000000","1","1","1","64","24580","0","0","0","0","0","0","0","0","0","0","0","0","0","0","0","0","0","0","0","0","150","0","60","-1","0","0","0","0","0","0","0","0","0","0","0","0","0","0","0","0","0","0","0","0","254","0","0","0","0","0","0","0","0","0","0","1","0","-1","-1","-1","-1","-1","-1","-1","-1","-1","-1","0","0","0","0","0","4","0","0","0","0","0","0","0","0","0","0","0","60"
"8588","146","","","","","Whistle of the Emerald Raptor","1","0","0","0","0","0","0","0","0","0","0","0","0","0","0","0","0","0","0","0","0","0","0","0","0","1","0","0","0","100000","1","1","1","64","24580","0","0","0","0","0","0","0","0","0","0","0","0","0","0","0","0","0","0","0","0","75","0","40","-1","0","0","0","0","0","0","0","0","0","0","0","0","0","0","0","0","0","0","0","0","254","0","0","0","0","0","0","0","0","0","0","1","0","-1","-1","-1","-1","-1","-1","-1","-1","-1","-1","0","0","0","0","0","3","0","0","0","0","0","0","0","0","0","0","0","40"
"8589","511","","","","","Old Whistle of the Ivory Raptor","1","0","0","0","0","0","0","0","0","0","0","0","0","0","0","0","0","0","0","0","0","0","0","0","0","1","0","0","0","100000","1","1","1","80","24580","0","0","0","0","0","0","0","0","0","0","0","0","0","0","0","0","0","0","0","0","75","0","40","-1","0","0","0","0","0","0","0","0","0","0","0","0","0","0","0","0","0","0","0","0","254","0","0","0","0","0","0","0","0","0","0","1","0","-1","-1","-1","-1","-1","-1","-1","-1","-1","-1","0","0","0","0","0","3","0","0","0","0","0","0","0","0","0","0","0","40"
"8590","511","","","","","Old Whistle of the Obsidian Raptor","1","0","0","0","0","0","0","0","0","0","0","0","0","0","0","0","0","0","0","0","0","0","0","0","0","1","0","0","0","100000","1","1","1","80","24580","0","0","0","0","0","0","0","0","0","0","0","0","0","0","0","0","0","0","0","0","75","0","40","-1","0","0","0","0","0","0","0","0","0","0","0","0","0","0","0","0","0","0","0","0","254","0","0","0","0","0","0","0","0","0","0","1","0","-1","-1","-1","-1","-1","-1","-1","-1","-1","-1","0","0","0","0","0","3","0","0","0","0","0","0","0","0","0","0","0","40"
"8591","146","","","","","Whistle of the Turquoise Raptor","1","0","0","0","0","0","0","0","0","0","0","0","0","0","0","0","0","0","0","0","0","0","0","0","0","1","0","0","0","100000","1","1","1","64","24580","0","0","0","0","0","0","0","0","0","0","0","0","0","0","0","0","0","0","0","0","75","0","40","-1","0","0","0","0","0","0","0","0","0","0","0","0","0","0","0","0","0","0","0","0","254","0","0","0","0","0","0","0","0","0","0","1","0","-1","-1","-1","-1","-1","-1","-1","-1","-1","-1","0","0","0","0","0","3","0","0","0","0","0","0","0","0","0","0","0","40"
"8592","146","","","","","Whistle of the Violet Raptor","1","0","0","0","0","0","0","0","0","0","0","0","0","0","0","0","0","0","0","0","0","0","0","0","0","1","0","0","0","100000","1","1","1","64","24580","0","0","0","0","0","0","0","0","0","0","0","0","0","0","0","0","0","0","0","0","75","0","40","-1","0","0","0","0","0","0","0","0","0","0","0","0","0","0","0","0","0","0","0","0","254","0","0","0","0","0","0","0","0","0","0","1","0","-1","-1","-1","-1","-1","-1","-1","-1","-1","-1","0","0","0","0","0","3","0","0","0","0","0","0","0","0","0","0","0","40"
"8595","68","","","","","Blue Mechanostrider","1","0","0","0","0","0","0","0","0","0","0","0","0","0","0","0","0","0","0","0","0","0","0","0","0","1","0","0","0","100000","1","1","1","64","24580","0","0","0","0","0","0","0","0","0","0","0","0","0","0","0","0","0","0","0","0","75","0","40","-1","0","0","0","0","0","0","0","0","0","0","0","0","0","0","0","0","0","0","0","0","254","0","0","0","0","0","0","0","0","0","0","1","0","-1","-1","-1","-1","-1","-1","-1","-1","-1","-1","0","0","0","0","0","3","0","0","0","0","0","0","0","0","0","0","0","40"
"8627","511","","","","","Reins of the Nightsaber","1","0","0","0","0","0","0","0","0","0","0","0","0","0","0","0","0","0","0","0","0","0","0","0","0","1","0","0","0","100000","1","1","1","80","24580","0","0","0","0","0","0","0","0","0","0","0","0","0","0","0","0","0","0","0","0","75","0","40","-1","0","0","0","0","0","0","0","0","0","0","0","0","0","0","0","0","0","0","0","0","254","0","0","0","0","0","0","0","0","0","0","1","0","-1","-1","-1","-1","-1","-1","-1","-1","-1","-1","0","0","0","0","0","3","0","0","0","0","0","0","0","0","0","0","0","40"
"8628","77","","","","","Reins of the Spotted Nightsaber","1","0","0","0","0","0","0","0","0","0","0","0","0","0","0","0","0","0","0","0","0","0","0","0","0","1","0","0","0","100000","1","1","1","64","24580","0","0","0","0","0","0","0","0","0","0","0","0","0","0","0","0","0","0","0","0","75","0","40","-1","0","0","0","0","0","0","0","0","0","0","0","0","0","0","0","0","0","0","0","0","254","0","0","0","0","0","0","0","0","0","0","1","0","-1","-1","-1","-1","-1","-1","-1","-1","-1","-1","0","0","0","0","0","3","0","0","0","0","0","0","0","0","0","0","0","40"
"8629","77","","","","","Reins of the Striped Nightsaber","1","0","0","0","0","0","0","0","0","0","0","0","0","0","0","0","0","0","0","0","0","0","0","0","0","1","0","0","0","100000","1","1","1","64","24580","0","0","0","0","0","0","0","0","0","0","0","0","0","0","0","0","0","0","0","0","75","0","40","-1","0","0","0","0","0","0","0","0","0","0","0","0","0","0","0","0","0","0","0","0","254","0","0","0","0","0","0","0","0","0","0","1","0","-1","-1","-1","-1","-1","-1","-1","-1","-1","-1","0","0","0","0","0","3","0","0","0","0","0","0","0","0","0","0","0","40"
"8630","511","","","","","Reins of the Bengal Tiger","1","0","0","0","0","0","0","0","0","0","0","0","0","0","0","0","0","0","0","0","0","0","0","0","0","1","0","0","0","100000","1","1","1","80","24580","0","0","0","0","0","0","0","0","0","0","0","0","0","0","0","0","0","0","0","0","75","0","40","-1","0","0","0","0","0","0","0","0","0","0","0","0","0","0","0","0","0","0","0","0","254","0","0","0","0","0","0","0","0","0","0","1","0","-1","-1","-1","-1","-1","-1","-1","-1","-1","-1","0","0","0","0","0","3","0","0","0","0","0","0","0","0","0","0","0","40"
"8631","77","","","","","Reins of the Striped Frostsaber","1","0","0","0","0","0","0","0","0","0","0","0","0","0","0","0","0","0","0","0","0","0","0","0","0","1","0","0","0","100000","1","1","1","64","24580","0","0","0","0","0","0","0","0","0","0","0","0","0","0","0","0","0","0","0","0","75","0","40","-1","0","0","0","0","0","0","0","0","0","0","0","0","0","0","0","0","0","0","0","0","254","0","0","0","0","0","0","0","0","0","0","1","0","-1","-1","-1","-1","-1","-1","-1","-1","-1","-1","0","0","0","0","0","3","0","0","0","0","0","0","0","0","0","0","0","40"
"8632","77","","","","","Reins of the Spotted Frostsaber","1","0","0","0","0","0","0","0","0","0","0","0","0","0","0","0","0","0","0","0","0","0","0","0","0","1","0","0","0","100000","1","1","1","64","24580","0","0","0","0","0","0","0","0","0","0","0","0","0","0","0","0","0","0","0","0","75","0","40","-1","0","0","0","0","0","0","0","0","0","0","0","0","0","0","0","0","0","0","0","0","254","0","0","0","0","0","0","0","0","0","0","1","0","-1","-1","-1","-1","-1","-1","-1","-1","-1","-1","0","0","0","0","0","3","0","0","0","0","0","0","0","0","0","0","0","40"
"8633","511","","","","","Reins of the Leopard","1","0","0","0","0","0","0","0","0","0","0","0","0","0","0","0","0","0","0","0","0","0","0","0","0","1","0","0","0","100000","1","1","1","80","24580","0","0","0","0","0","0","0","0","0","0","0","0","0","0","0","0","0","0","0","0","75","0","40","-1","0","0","0","0","0","0","0","0","0","0","0","0","0","0","0","0","0","0","0","0","254","0","0","0","0","0","0","0","0","0","0","1","0","-1","-1","-1","-1","-1","-1","-1","-1","-1","-1","0","0","0","0","0","3","0","0","0","0","0","0","0","0","0","0","0","40"
"9572","-1","","","","","Glyphic Rune","1","0","0","0","0","0","0","0","0","0","0","0","0","0","0","0","0","0","0","0","0","0","0","0","0","1","1","0","0","0","1","1","1","0","24580","0","0","0","0","0","0","0","0","0","0","0","0","0","0","0","0","3111","0","0","0","0","0","1","-1","0","0","0","0","0","0","0","0","0","0","0","0","0","0","0","0","0","0","0","0","254","0","0","0","0","0","0","0","0","0","0","4","0","-1","-1","-1","-1","-1","-1","-1","-1","-1","-1","0","0","0","0","0","1","0","0","0","0","0","0","0","0","0","0","0","0"
"10569","-1","Bears the mark of Kalaran the Deceiver","","","","Hoard of the Black Dragonflight","1","0","0","0","0","0","0","0","0","0","0","0","0","0","0","0","0","0","0","0","0","0","0","0","0","1","1","0","0","0","1","1","1","4","24580","0","0","0","0","0","0","0","0","0","0","0","0","0","0","0","0","0","0","0","0","0","0","50","-1","0","0","0","0","0","0","0","0","0","0","0","0","0","0","0","0","0","0","0","0","254","0","0","0","0","0","0","0","1","0","0","1","0","-1","-1","-1","-1","-1","-1","-1","-1","-1","-1","0","0","0","0","0","1","0","0","0","0","0","0","0","0","0","0","0","0"
"10659","-1","","","","","Shard of Afrasa","1","0","0","0","0","0","0","0","0","0","0","0","0","0","0","0","0","0","0","0","0","0","0","0","0","1","0","0","4662","18650","1","1","1","0","24580","0","0","0","0","0","0","0","0","0","0","0","0","0","0","0","0","0","0","0","0","0","0","57","-1","0","0","0","0","0","0","0","0","0","0","0","0","0","0","0","0","0","0","0","0","254","0","0","0","0","0","0","0","0","0","0","1","0","-1","-1","-1","-1","-1","-1","-1","-1","-1","-1","0","0","0","0","12","2","0","0","0","0","0","0","0","0","0","0","0","0"
"12302","1101","","","","","Reins of the Frostsaber","1","0","0","0","0","0","0","0","0","0","0","0","0","0","0","0","0","0","0","0","0","0","0","0","0","1","0","0","0","1000000","1","1","1","64","24580","0","0","0","0","0","0","0","0","0","0","0","0","0","0","0","0","0","0","0","0","150","0","60","-1","0","0","0","0","0","0","0","0","0","0","0","0","0","0","0","0","0","0","0","0","254","0","0","0","0","0","0","0","0","0","0","1","0","-1","-1","-1","-1","-1","-1","-1","-1","-1","-1","0","0","0","0","0","4","0","0","0","0","0","0","0","0","0","0","0","60"
"12303","1101","","","","","Reins of the Nightsaber","1","0","0","0","0","0","0","0","0","0","0","0","0","0","0","0","0","0","0","0","0","0","0","0","0","1","0","0","0","1000000","1","1","1","64","24580","0","0","0","0","0","0","0","0","0","0","0","0","0","0","0","0","0","0","0","0","150","0","60","-1","0","0","0","0","0","0","0","0","0","0","0","0","0","0","0","0","0","0","0","0","254","0","0","0","0","0","0","0","0","0","0","1","0","-1","-1","-1","-1","-1","-1","-1","-1","-1","-1","0","0","0","0","0","4","0","0","0","0","0","0","0","0","0","0","0","60"
"12325","511","","","","","Reins of the Primal Leopard","1","0","0","0","0","0","0","0","0","0","0","0","0","0","0","0","0","0","0","0","0","0","0","0","0","1","0","0","0","100000","1","1","1","80","24580","0","0","0","0","0","0","0","0","0","0","0","0","0","0","0","0","0","0","0","0","75","0","40","-1","0","0","0","0","0","0","0","0","0","0","0","0","0","0","0","0","0","0","0","0","254","0","0","0","0","0","0","0","0","0","0","1","0","-1","-1","-1","-1","-1","-1","-1","-1","-1","-1","0","0","0","0","0","3","0","0","0","0","0","0","0","0","0","0","0","40"
"12326","511","","","","","Reins of the Tawny Sabercat","1","0","0","0","0","0","0","0","0","0","0","0","0","0","0","0","0","0","0","0","0","0","0","0","0","1","0","0","0","100000","1","1","1","80","24580","0","0","0","0","0","0","0","0","0","0","0","0","0","0","0","0","0","0","0","0","75","0","40","-1","0","0","0","0","0","0","0","0","0","0","0","0","0","0","0","0","0","0","0","0","254","0","0","0","0","0","0","0","0","0","0","1","0","-1","-1","-1","-1","-1","-1","-1","-1","-1","-1","0","0","0","0","0","3","0","0","0","0","0","0","0","0","0","0","0","40"
"12327","511","","","","","Reins of the Golden Sabercat","1","0","0","0","0","0","0","0","0","0","0","0","0","0","0","0","0","0","0","0","0","0","0","0","0","1","0","0","0","100000","1","1","1","80","24580","0","0","0","0","0","0","0","0","0","0","0","0","0","0","0","0","0","0","0","0","75","0","40","-1","0","0","0","0","0","0","0","0","0","0","0","0","0","0","0","0","0","0","0","0","254","0","0","0","0","0","0","0","0","0","0","1","0","-1","-1","-1","-1","-1","-1","-1","-1","-1","-1","0","0","0","0","0","3","0","0","0","0","0","0","0","0","0","0","0","40"
"12330","178","","","","","Horn of the Red Wolf","1","0","0","0","0","0","0","0","0","0","0","0","0","0","0","0","0","0","0","0","0","0","0","0","0","1","0","0","0","1000000","1","1","1","64","24580","0","0","0","0","0","0","0","0","0","0","0","0","0","0","0","0","0","0","0","0","150","0","60","-1","0","0","0","0","0","0","0","0","0","0","0","0","0","0","0","0","0","0","0","0","254","0","0","0","0","0","0","0","0","0","0","1","0","-1","-1","-1","-1","-1","-1","-1","-1","-1","-1","0","0","0","0","0","4","0","0","0","0","0","0","0","0","0","0","0","60"
"12351","178","","","","","Horn of the Arctic Wolf","1","0","0","0","0","0","0","0","0","0","0","0","0","0","0","0","0","0","0","0","0","0","0","0","0","1","0","0","0","1000000","1","1","1","64","24580","0","0","0","0","0","0","0","0","0","0","0","0","0","0","0","0","0","0","0","0","150","0","60","-1","0","0","0","0","0","0","0","0","0","0","0","0","0","0","0","0","0","0","0","0","254","0","0","0","0","0","0","0","0","0","0","1","0","-1","-1","-1","-1","-1","-1","-1","-1","-1","-1","0","0","0","0","0","4","0","0","0","0","0","0","0","0","0","0","0","60"
"12353","77","","","","","White Stallion Bridle","1","0","0","0","0","0","0","0","0","0","0","0","0","0","0","0","0","0","0","0","0","0","0","0","0","1","0","0","0","1000000","1","1","1","64","24580","0","0","0","0","0","0","0","0","0","0","0","0","0","0","0","0","0","0","0","0","150","0","60","-1","0","0","0","0","0","0","0","0","0","0","0","0","0","0","0","0","0","0","0","0","254","0","0","0","0","0","0","0","0","0","0","1","0","-1","-1","-1","-1","-1","-1","-1","-1","-1","-1","0","0","0","0","0","4","0","0","0","0","0","0","0","0","0","0","0","60"
"12354","77","","","","","Palomino Bridle","1","0","0","0","0","0","0","0","0","0","0","0","0","0","0","0","0","0","0","0","0","0","0","0","0","1","0","0","0","1000000","1","1","1","64","24580","0","0","0","0","0","0","0","0","0","0","0","0","0","0","0","0","0","0","0","0","150","0","60","-1","0","0","0","0","0","0","0","0","0","0","0","0","0","0","0","0","0","0","0","0","254","0","0","0","0","0","0","0","0","0","0","1","0","-1","-1","-1","-1","-1","-1","-1","-1","-1","-1","0","0","0","0","0","4","0","0","0","0","0","0","0","0","0","0","0","60"
"12806","255","Covered in Demonic runes.","","","","Unforged Rune Covered Breastplate","1","0","0","0","0","0","0","0","0","0","0","0","0","0","0","0","0","0","0","0","0","0","0","0","0","1","1","0","0","0","1","1","1","0","24580","0","0","0","0","0","0","0","0","0","0","0","0","0","0","0","0","0","0","0","0","0","0","60","2047","0","0","0","0","0","0","0","0","0","0","0","0","0","0","0","0","0","0","0","0","254","0","0","0","0","0","0","0","1","0","0","1","0","-1","-1","-1","-1","-1","-1","-1","-1","-1","-1","0","0","0","0","0","3","0","0","0","0","0","0","0","0","0","0","0","0"
"13086","1101","","","","","Reins of the Winterspring Frostsaber","1","0","0","0","0","0","0","0","0","0","0","0","0","0","0","0","0","0","0","0","0","0","0","0","0","1","0","0","0","1000000","1","1","1","64","24580","0","0","0","0","0","0","0","0","0","0","0","0","0","0","0","0","0","0","0","0","75","0","60","2047","0","0","0","0","0","0","0","0","0","0","0","0","0","0","0","0","0","0","0","0","254","0","0","0","0","0","0","0","0","0","0","1","0","-1","-1","-1","-1","-1","-1","-1","-1","-1","-1","0","0","0","0","0","4","0","0","0","0","0","0","0","0","0","0","0","60"
"13172","-1","Bears the mark of Fras Siabi.","","","","Siabi's Premium Tobacco","1","0","0","0","0","0","0","0","0","0","0","0","0","0","0","0","0","0","0","0","0","0","0","0","0","1","1","0","0","0","1","1","1","2048","24580","0","0","0","0","0","0","0","0","0","0","0","0","0","0","0","0","0","0","0","0","0","0","1","-1","0","0","0","0","0","0","0","0","0","0","0","0","0","0","0","0","0","0","0","0","254","0","0","0","0","0","0","0","0","0","0","4","0","-1","-1","-1","-1","-1","-1","-1","-1","-1","-1","0","0","0","0","0","1","0","0","0","0","0","0","0","0","0","0","0","0"
"13285","-1","","","","","The Nicker","1","0","0","0","0","0","0","0","0","0","0","0","0","0","0","0","0","0","0","0","0","0","0","0","0","1","0","0","54924","274624","1","1","1","0","24580","0","0","0","100","0","0","0","0","0","0","0","0","0","0","0","0","0","0","4000","0","0","0","58","-1","0","0","159","0","0","0","0","239","0","0","0","0","0","0","0","0","0","0","0","0","254","0","0","0","0","0","0","1","1","0","0","1","0","-1","-1","-1","-1","-1","-1","-1","-1","-1","-1","0","0","0","0","17","3","0","0","0","0","0","0","0","0","0","0","0","53"
"13307","-1","","","","","Fras Siabi's Postbox Key","1","0","0","0","0","0","0","0","0","0","0","0","0","0","0","0","0","0","0","0","0","0","0","0","0","20","0","0","0","0","1","1","1","64","24580","0","0","0","0","0","0","0","0","0","0","0","0","0","0","0","0","0","0","0","0","0","0","1","-1","0","0","0","0","0","0","0","0","0","0","0","0","0","0","0","0","0","0","0","0","254","0","0","0","0","0","0","0","0","0","0","0","0","-1","-1","-1","-1","-1","-1","-1","-1","-1","-1","0","0","0","0","0","1","0","0","0","0","0","0","0","0","0","0","0","0"
"13317","146","","","","","Whistle of the Ivory Raptor","1","0","0","0","0","0","0","0","0","0","0","0","0","0","0","0","0","0","0","0","0","0","0","0","0","1","0","0","0","1000000","1","1","1","64","24580","0","0","0","0","0","0","0","0","0","0","0","0","0","0","0","0","0","0","0","0","150","0","60","-1","0","0","0","0","0","0","0","0","0","0","0","0","0","0","0","0","0","0","0","0","254","0","0","0","0","0","0","0","0","0","0","1","0","-1","-1","-1","-1","-1","-1","-1","-1","-1","-1","0","0","0","0","0","4","0","0","0","0","0","0","0","0","0","0","0","60"
"13321","68","","","","","Green Mechanostrider","1","0","0","0","0","0","0","0","0","0","0","0","0","0","0","0","0","0","0","0","0","0","0","0","0","1","0","0","0","100000","1","1","1","64","24580","0","0","0","0","0","0","0","0","0","0","0","0","0","0","0","0","0","0","0","0","75","0","40","-1","0","0","0","0","0","0","0","0","0","0","0","0","0","0","0","0","0","0","0","0","254","0","0","0","0","0","0","0","0","0","0","1","0","-1","-1","-1","-1","-1","-1","-1","-1","-1","-1","0","0","0","0","0","3","0","0","0","0","0","0","0","0","0","0","0","40"
"13322","68","","","","","Unpainted Mechanostrider","1","0","0","0","0","0","0","0","0","0","0","0","0","0","0","0","0","0","0","0","0","0","0","0","0","1","0","0","0","100000","1","1","1","64","24580","0","0","0","0","0","0","0","0","0","0","0","0","0","0","0","0","0","0","0","0","75","0","40","-1","0","0","0","0","0","0","0","0","0","0","0","0","0","0","0","0","0","0","0","0","254","0","0","0","0","0","0","0","0","0","0","1","0","-1","-1","-1","-1","-1","-1","-1","-1","-1","-1","0","0","0","0","0","3","0","0","0","0","0","0","0","0","0","0","0","40"
"13323","68","","","","","Purple Mechanostrider","1","0","0","0","0","0","0","0","0","0","0","0","0","0","0","0","0","0","0","0","0","0","0","0","0","1","0","0","0","100000","1","1","1","64","24580","0","0","0","0","0","0","0","0","0","0","0","0","0","0","0","0","0","0","0","0","75","0","40","-1","0","0","0","0","0","0","0","0","0","0","0","0","0","0","0","0","0","0","0","0","254","0","0","0","0","0","0","0","0","0","0","1","0","-1","-1","-1","-1","-1","-1","-1","-1","-1","-1","0","0","0","0","0","3","0","0","0","0","0","0","0","0","0","0","0","40"
"13324","68","","","","","Red and Blue Mechanostrider","1","0","0","0","0","0","0","0","0","0","0","0","0","0","0","0","0","0","0","0","0","0","0","0","0","1","0","0","0","100000","1","1","1","64","24580","0","0","0","0","0","0","0","0","0","0","0","0","0","0","0","0","0","0","0","0","75","0","40","-1","0","0","0","0","0","0","0","0","0","0","0","0","0","0","0","0","0","0","0","0","254","0","0","0","0","0","0","0","0","0","0","1","0","-1","-1","-1","-1","-1","-1","-1","-1","-1","-1","0","0","0","0","0","3","0","0","0","0","0","0","0","0","0","0","0","40"
"13325","68","","","","","Fluorescent Green Mechanostrider","1","0","0","0","0","0","0","0","0","0","0","0","0","0","0","0","0","0","0","0","0","0","0","0","0","1","0","0","0","100000","1","1","1","64","24580","0","0","0","0","0","0","0","0","0","0","0","0","0","0","0","0","0","0","0","0","75","0","40","-1","0","0","0","0","0","0","0","0","0","0","0","0","0","0","0","0","0","0","0","0","254","0","0","0","0","0","0","0","0","0","0","1","0","-1","-1","-1","-1","-1","-1","-1","-1","-1","-1","0","0","0","0","0","3","0","0","0","0","0","0","0","0","0","0","0","40"
"13326","68","","","","","White Mechanostrider Mod A","1","0","0","0","0","0","0","0","0","0","0","0","0","0","0","0","0","0","0","0","0","0","0","0","0","1","0","0","0","1000000","1","1","1","64","24580","0","0","0","0","0","0","0","0","0","0","0","0","0","0","0","0","0","0","0","0","150","0","60","-1","0","0","0","0","0","0","0","0","0","0","0","0","0","0","0","0","0","0","0","0","254","0","0","0","0","0","0","0","0","0","0","1","0","-1","-1","-1","-1","-1","-1","-1","-1","-1","-1","0","0","0","0","0","4","0","0","0","0","0","0","0","0","0","0","0","60"
"13327","68","","","","","Icy Blue Mechanostrider Mod A","1","0","0","0","0","0","0","0","0","0","0","0","0","0","0","0","0","0","0","0","0","0","0","0","0","1","0","0","0","1000000","1","1","1","64","24580","0","0","0","0","0","0","0","0","0","0","0","0","0","0","0","0","0","0","0","0","150","0","60","-1","0","0","0","0","0","0","0","0","0","0","0","0","0","0","0","0","0","0","0","0","254","0","0","0","0","0","0","0","0","0","0","1","0","-1","-1","-1","-1","-1","-1","-1","-1","-1","-1","0","0","0","0","0","4","0","0","0","0","0","0","0","0","0","0","0","60"
"13328","77","","","","","Black Ram","1","0","0","0","0","0","0","0","0","0","0","0","0","0","0","0","0","0","0","0","0","0","0","0","0","1","0","0","0","1000000","1","1","1","64","24580","0","0","0","0","0","0","0","0","0","0","0","0","0","0","0","0","0","0","0","0","150","0","60","-1","0","0","0","0","0","0","0","0","0","0","0","0","0","0","0","0","0","0","0","0","254","0","0","0","0","0","0","0","0","0","0","1","0","-1","-1","-1","-1","-1","-1","-1","-1","-1","-1","0","0","0","0","0","4","0","0","0","0","0","0","0","0","0","0","0","60"
"13329","77","","","","","Frost Ram","1","0","0","0","0","0","0","0","0","0","0","0","0","0","0","0","0","0","0","0","0","0","0","0","0","1","0","0","0","1000000","1","1","1","64","24580","0","0","0","0","0","0","0","0","0","0","0","0","0","0","0","0","0","0","0","0","150","0","60","-1","0","0","0","0","0","0","0","0","0","0","0","0","0","0","0","0","0","0","0","0","254","0","0","0","0","0","0","0","0","0","0","1","0","-1","-1","-1","-1","-1","-1","-1","-1","-1","-1","0","0","0","0","0","4","0","0","0","0","0","0","0","0","0","0","0","60"
"13331","146","","","","","Red Skeletal Horse","1","0","0","0","0","0","0","0","0","0","0","0","0","0","0","0","0","0","0","0","0","0","0","0","0","1","0","0","0","100000","1","1","1","64","24580","0","0","0","0","0","0","0","0","0","0","0","0","0","0","0","0","0","0","0","0","75","0","40","-1","0","0","0","0","0","0","0","0","0","0","0","0","0","0","0","0","0","0","0","0","254","0","0","0","0","0","0","0","0","0","0","1","0","-1","-1","-1","-1","-1","-1","-1","-1","-1","-1","0","0","0","0","0","3","0","0","0","0","0","0","0","0","0","0","0","40"
"13332","146","","","","","Blue Skeletal Horse","1","0","0","0","0","0","0","0","0","0","0","0","0","0","0","0","0","0","0","0","0","0","0","0","0","1","0","0","0","100000","1","1","1","64","24580","0","0","0","0","0","0","0","0","0","0","0","0","0","0","0","0","0","0","0","0","75","0","40","-1","0","0","0","0","0","0","0","0","0","0","0","0","0","0","0","0","0","0","0","0","254","0","0","0","0","0","0","0","0","0","0","1","0","-1","-1","-1","-1","-1","-1","-1","-1","-1","-1","0","0","0","0","0","3","0","0","0","0","0","0","0","0","0","0","0","40"
"13333","146","","","","","Brown Skeletal Horse","1","0","0","0","0","0","0","0","0","0","0","0","0","0","0","0","0","0","0","0","0","0","0","0","0","1","0","0","0","100000","1","1","1","64","24580","0","0","0","0","0","0","0","0","0","0","0","0","0","0","0","0","0","0","0","0","75","0","40","-1","0","0","0","0","0","0","0","0","0","0","0","0","0","0","0","0","0","0","0","0","254","0","0","0","0","0","0","0","0","0","0","1","0","-1","-1","-1","-1","-1","-1","-1","-1","-1","-1","0","0","0","0","0","3","0","0","0","0","0","0","0","0","0","0","0","40"
"13334","146","","","","","Green Skeletal Warhorse","1","0","0","0","0","0","0","0","0","0","0","0","0","0","0","0","0","0","0","0","0","0","0","0","0","1","0","0","0","1000000","1","1","1","64","24580","0","0","0","0","0","0","0","0","0","0","0","0","0","0","0","0","0","0","0","0","150","0","60","-1","0","0","0","0","0","0","0","0","0","0","0","0","0","0","0","0","0","0","0","0","254","0","0","0","0","0","0","0","0","0","0","1","0","-1","-1","-1","-1","-1","-1","-1","-1","-1","-1","0","0","0","0","0","4","0","0","0","0","0","0","0","0","0","0","0","60"
"13335","255","","","","","Deathcharger's Reins","1","0","0","0","0","0","0","0","0","0","0","0","0","0","0","0","0","0","0","0","0","0","0","0","0","1","1","0","250000","1000000","1","1","1","64","24580","0","0","0","0","0","0","0","0","0","0","0","0","0","0","0","0","0","0","0","0","150","0","60","2047","0","0","0","0","0","0","0","0","0","0","0","0","0","0","0","0","0","0","0","0","254","0","0","0","0","0","0","0","0","0","0","1","0","-1","-1","-1","-1","-1","-1","-1","-1","-1","-1","0","0","0","0","0","3","0","0","0","0","0","0","0","0","0","0","0","60"
"13364","-1","","","","","Fras Siabi's Advertisement","1","0","0","0","0","0","0","0","0","0","0","0","0","0","0","0","0","0","0","0","0","0","0","0","0","20","0","0","2000","8000","1","1","1","0","24580","0","0","0","0","0","0","0","0","0","0","0","0","0","0","0","0","0","0","0","0","0","0","1","-1","0","0","0","0","0","0","0","0","0","0","0","0","0","0","0","0","0","0","0","0","254","0","0","0","0","0","0","0","0","0","0","0","0","-1","-1","-1","-1","-1","-1","-1","-1","-1","-1","0","0","0","0","0","0","0","0","0","0","0","0","0","0","0","0","0","0"
"14940","-1","","","","","Warbringer's Sabatons","1","0","0","0","0","0","0","0","0","0","0","0","0","0","0","0","0","0","0","0","0","0","0","0","0","1","0","0","4059","20297","1","1","1","0","24580","0","0","0","55","0","0","0","0","0","0","0","0","0","0","0","0","0","0","0","0","0","0","43","-1","0","864","0","0","0","0","0","0","0","0","0","0","262","0","0","0","0","0","0","0","254","0","0","0","0","0","0","0","6","0","0","2","0","-1","-1","-1","-1","-1","-1","-1","-1","-1","-1","0","0","0","0","8","2","0","0","0","0","0","0","0","0","0","0","0","40"
"15277","690","","","","","Gray Kodo","1","0","0","0","0","0","0","0","0","0","0","0","0","0","0","0","0","0","0","0","0","0","0","0","0","1","0","0","0","100000","1","1","1","64","24580","0","0","0","0","0","0","0","0","0","0","0","0","0","0","0","0","0","0","0","0","75","0","40","-1","0","0","0","0","0","0","0","0","0","0","0","0","0","0","0","0","0","0","0","0","254","0","0","0","0","0","0","0","0","0","0","1","0","-1","-1","-1","-1","-1","-1","-1","-1","-1","-1","0","0","0","0","0","3","0","0","0","0","0","0","0","0","0","0","0","40"
"15290","690","","","","","Brown Kodo","1","0","0","0","0","0","0","0","0","0","0","0","0","0","0","0","0","0","0","0","0","0","0","0","0","1","0","0","0","100000","1","1","1","64","24580","0","0","0","0","0","0","0","0","0","0","0","0","0","0","0","0","0","0","0","0","75","0","40","-1","0","0","0","0","0","0","0","0","0","0","0","0","0","0","0","0","0","0","0","0","254","0","0","0","0","0","0","0","0","0","0","1","0","-1","-1","-1","-1","-1","-1","-1","-1","-1","-1","0","0","0","0","0","3","0","0","0","0","0","0","0","0","0","0","0","40"
"15292","690","","","","","Green Kodo","1","0","0","0","0","0","0","0","0","0","0","0","0","0","0","0","0","0","0","0","0","0","0","0","0","1","0","0","0","1000000","1","1","1","64","24580","0","0","0","0","0","0","0","0","0","0","0","0","0","0","0","0","0","0","0","0","150","0","60","-1","0","0","0","0","0","0","0","0","0","0","0","0","0","0","0","0","0","0","0","0","254","0","0","0","0","0","0","0","0","0","0","1","0","-1","-1","-1","-1","-1","-1","-1","-1","-1","-1","0","0","0","0","0","4","0","0","0","0","0","0","0","0","0","0","0","60"
"15293","690","","","","","Teal Kodo","1","0","0","0","0","0","0","0","0","0","0","0","0","0","0","0","0","0","0","0","0","0","0","0","0","1","0","0","0","1000000","1","1","1","64","24580","0","0","0","0","0","0","0","0","0","0","0","0","0","0","0","0","0","0","0","0","150","0","60","-1","0","0","0","0","0","0","0","0","0","0","0","0","0","0","0","0","0","0","0","0","254","0","0","0","0","0","0","0","0","0","0","1","0","-1","-1","-1","-1","-1","-1","-1","-1","-1","-1","0","0","0","0","0","4","0","0","0","0","0","0","0","0","0","0","0","60"
"16339","511","","","","","Commander's Steed","1","0","0","0","0","0","0","0","0","0","0","0","0","0","0","0","0","0","0","0","0","0","0","0","0","1","1","0","0","1000000","1","1","1","80","24580","0","0","0","0","0","0","0","0","0","0","0","0","0","0","0","0","0","0","0","0","150","0","60","-1","0","0","0","0","0","0","0","0","0","0","0","0","0","0","0","0","0","0","0","0","254","0","0","0","0","0","0","0","0","0","0","1","0","-1","-1","-1","-1","-1","-1","-1","-1","-1","-1","0","0","0","15","0","4","0","0","0","0","0","0","0","0","0","0","0","60"
"16928","-1","","","","","Nemesis Gloves","1","0","0","0","0","0","0","0","0","0","0","0","0","0","0","0","0","0","0","0","0","0","0","0","0","1","0","0","27573","137868","1","1","1","0","24580","0","0","0","35","0","0","0","0","0","0","0","0","0","0","212","0","0","0","0","0","0","0","76","256","0","0","0","0","0","0","0","0","0","0","0","0","72","0","0","0","0","10","0","0","254","0","0","0","0","0","0","0","7","0","0","1","0","5","7","-1","-1","-1","-1","-1","-1","-1","-1","0","0","0","0","10","4","0","15","17","0","0","0","0","0","0","0","0","60"
"17363","255","","","","","Ryson's Beacon","1","0","0","0","0","0","0","0","0","0","0","0","0","0","0","0","0","0","0","0","0","0","0","0","0","1","1","0","0","0","1","1","1","64","24580","0","0","0","0","0","0","0","0","0","0","0","0","0","0","0","0","0","0","0","0","0","0","1","2047","0","0","0","0","0","0","0","0","0","0","0","0","0","0","0","0","0","0","0","0","254","0","0","0","0","0","0","0","0","0","0","4","0","-1","-1","-1","-1","-1","-1","-1","-1","-1","-1","0","0","0","0","0","1","0","0","0","0","0","0","0","0","0","0","0","0"
"17410","255","","","","","Zinfizzlex's Portable Shredder Unit","1","0","0","0","0","0","0","0","0","0","0","0","0","0","0","0","0","0","0","0","0","0","0","0","0","1","1","0","0","0","1","1","1","64","24580","0","0","0","0","0","0","0","0","0","0","0","0","0","0","0","0","0","0","0","0","0","0","1","2047","0","0","0","0","0","0","0","0","0","0","0","0","0","0","0","0","0","0","0","0","254","0","0","0","0","0","0","0","0","0","0","1","0","-1","-1","-1","-1","-1","-1","-1","-1","-1","-1","0","0","0","0","0","3","0","0","0","0","0","0","0","0","0","0","0","0"
"18228","-1","The mystery remains unsolved.","","","","Autographed Picture of Foror & Tigule","1","0","0","0","0","0","0","0","0","0","0","0","0","0","0","0","0","0","0","0","0","0","0","0","0","1","0","0","2500","10000","1","1","1","0","24580","0","0","0","0","0","0","0","0","0","0","0","0","0","0","0","0","0","0","0","0","0","0","1","-1","0","0","0","0","0","0","0","0","0","0","0","0","0","0","0","0","0","0","0","0","254","0","0","0","0","0","0","0","3","0","0","0","0","-1","-1","-1","-1","-1","-1","-1","-1","-1","-1","0","0","0","0","0","0","0","0","0","0","0","0","0","0","0","0","0","0"
"18241","1101","","","","","Black War Steed Bridle","1","0","0","0","0","0","0","0","0","0","0","0","0","0","0","0","0","0","0","0","0","0","0","0","0","1","0","0","0","100000","1","1","1","64","24580","0","0","0","0","0","0","0","0","0","0","0","0","0","0","0","0","0","0","0","0","75","0","40","-1","0","0","0","0","0","0","0","0","0","0","0","0","0","0","0","0","0","0","0","0","254","0","0","0","0","0","0","0","0","0","0","1","0","-1","-1","-1","-1","-1","-1","-1","-1","-1","-1","0","0","0","15","0","4","0","0","0","0","0","0","0","0","0","0","0","40"
"18242","1101","","","","","Reins of the Black War Tiger","1","0","0","0","0","0","0","0","0","0","0","0","0","0","0","0","0","0","0","0","0","0","0","0","0","1","0","0","0","100000","1","1","1","64","24580","0","0","0","0","0","0","0","0","0","0","0","0","0","0","0","0","0","0","0","0","75","0","40","-1","0","0","0","0","0","0","0","0","0","0","0","0","0","0","0","0","0","0","0","0","254","0","0","0","0","0","0","0","0","0","0","1","0","-1","-1","-1","-1","-1","-1","-1","-1","-1","-1","0","0","0","15","0","4","0","0","0","0","0","0","0","0","0","0","0","40"
"18243","68","","","","","Black Battlestrider","1","0","0","0","0","0","0","0","0","0","0","0","0","0","0","0","0","0","0","0","0","0","0","0","0","1","0","0","0","100000","1","1","1","64","24580","0","0","0","0","0","0","0","0","0","0","0","0","0","0","0","0","0","0","0","0","75","0","40","-1","0","0","0","0","0","0","0","0","0","0","0","0","0","0","0","0","0","0","0","0","254","0","0","0","0","0","0","0","0","0","0","1","0","-1","-1","-1","-1","-1","-1","-1","-1","-1","-1","0","0","0","15","0","4","0","0","0","0","0","0","0","0","0","0","0","40"
"18244","1101","","","","","Black War Ram","1","0","0","0","0","0","0","0","0","0","0","0","0","0","0","0","0","0","0","0","0","0","0","0","0","1","0","0","0","100000","1","1","1","64","24580","0","0","0","0","0","0","0","0","0","0","0","0","0","0","0","0","0","0","0","0","75","0","40","-1","0","0","0","0","0","0","0","0","0","0","0","0","0","0","0","0","0","0","0","0","254","0","0","0","0","0","0","0","0","0","0","1","0","-1","-1","-1","-1","-1","-1","-1","-1","-1","-1","0","0","0","15","0","4","0","0","0","0","0","0","0","0","0","0","0","40"
"18245","690","","","","","Horn of the Black War Wolf","1","0","0","0","0","0","0","0","0","0","0","0","0","0","0","0","0","0","0","0","0","0","0","0","0","1","0","0","0","100000","1","1","1","64","24580","0","0","0","0","0","0","0","0","0","0","0","0","0","0","0","0","0","0","0","0","75","0","40","-1","0","0","0","0","0","0","0","0","0","0","0","0","0","0","0","0","0","0","0","0","254","0","0","0","0","0","0","0","0","0","0","1","0","-1","-1","-1","-1","-1","-1","-1","-1","-1","-1","0","0","0","15","0","4","0","0","0","0","0","0","0","0","0","0","0","40"
"18246","146","","","","","Whistle of the Black War Raptor","1","0","0","0","0","0","0","0","0","0","0","0","0","0","0","0","0","0","0","0","0","0","0","0","0","1","0","0","0","100000","1","1","1","64","24580","0","0","0","0","0","0","0","0","0","0","0","0","0","0","0","0","0","0","0","0","75","0","40","-1","0","0","0","0","0","0","0","0","0","0","0","0","0","0","0","0","0","0","0","0","254","0","0","0","0","0","0","0","0","0","0","1","0","-1","-1","-1","-1","-1","-1","-1","-1","-1","-1","0","0","0","15","0","4","0","0","0","0","0","0","0","0","0","0","0","40"
"18247","690","","","","","Black War Kodo","1","0","0","0","0","0","0","0","0","0","0","0","0","0","0","0","0","0","0","0","0","0","0","0","0","1","0","0","0","100000","1","1","1","64","24580","0","0","0","0","0","0","0","0","0","0","0","0","0","0","0","0","0","0","0","0","75","0","40","-1","0","0","0","0","0","0","0","0","0","0","0","0","0","0","0","0","0","0","0","0","254","0","0","0","0","0","0","0","0","0","0","1","0","-1","-1","-1","-1","-1","-1","-1","-1","-1","-1","0","0","0","15","0","4","0","0","0","0","0","0","0","0","0","0","0","40"
"18248","146","","","","","Red Skeletal Warhorse","1","0","0","0","0","0","0","0","0","0","0","0","0","0","0","0","0","0","0","0","0","0","0","0","0","1","0","0","0","100000","1","1","1","64","24580","0","0","0","0","0","0","0","0","0","0","0","0","0","0","0","0","0","0","0","0","75","0","40","-1","0","0","0","0","0","0","0","0","0","0","0","0","0","0","0","0","0","0","0","0","254","0","0","0","0","0","0","0","0","0","0","1","0","-1","-1","-1","-1","-1","-1","-1","-1","-1","-1","0","0","0","15","0","4","0","0","0","0","0","0","0","0","0","0","0","40"
"18401","-1","Several pages are blank.","","","","Foror's Compendium of Dragon Slaying","1","0","0","0","0","0","0","0","0","0","0","0","0","0","0","0","0","0","0","0","0","0","0","0","0","1","1","0","0","0","1","1","1","0","24580","0","0","0","0","0","0","0","0","0","0","0","0","0","0","0","0","7507","2637","0","0","0","0","60","3","0","0","0","0","0","0","0","0","0","0","0","0","0","0","0","0","0","0","0","0","254","0","0","0","0","0","0","0","0","3","0","0","0","-1","-1","-1","-1","-1","-1","-1","-1","-1","-1","0","0","0","0","0","4","0","0","0","0","0","0","0","0","0","0","0","60"
"18766","77","","","","","Reins of the Swift Frostsaber","1","0","0","0","0","0","0","0","0","0","0","0","0","0","0","0","0","0","0","0","0","0","0","0","0","1","0","0","0","1000000","1","1","1","64","24580","0","0","0","0","0","0","0","0","0","0","0","0","0","0","0","0","0","0","0","0","150","0","60","-1","0","0","0","0","0","0","0","0","0","0","0","0","0","0","0","0","0","0","0","0","254","0","0","0","0","0","0","0","0","0","0","1","0","-1","-1","-1","-1","-1","-1","-1","-1","-1","-1","0","0","0","0","0","4","0","0","0","0","0","0","0","0","0","0","0","60"
"18767","77","","","","","Reins of the Swift Mistsaber","1","0","0","0","0","0","0","0","0","0","0","0","0","0","0","0","0","0","0","0","0","0","0","0","0","1","0","0","0","1000000","1","1","1","64","24580","0","0","0","0","0","0","0","0","0","0","0","0","0","0","0","0","0","0","0","0","150","0","60","-1","0","0","0","0","0","0","0","0","0","0","0","0","0","0","0","0","0","0","0","0","254","0","0","0","0","0","0","0","0","0","0","1","0","-1","-1","-1","-1","-1","-1","-1","-1","-1","-1","0","0","0","0","0","4","0","0","0","0","0","0","0","0","0","0","0","60"
"18768","77","","","","","Reins of the Swift Dawnsaber","1","0","0","0","0","0","0","0","0","0","0","0","0","0","0","0","0","0","0","0","0","0","0","0","0","1","0","0","0","1000000","1","1","1","64","24580","0","0","0","0","0","0","0","0","0","0","0","0","0","0","0","0","0","0","0","0","150","0","60","-1","0","0","0","0","0","0","0","0","0","0","0","0","0","0","0","0","0","0","0","0","254","0","0","0","0","0","0","0","0","0","0","1","0","-1","-1","-1","-1","-1","-1","-1","-1","-1","-1","0","0","0","0","0","4","0","0","0","0","0","0","0","0","0","0","0","60"
"18772","68","","","","","Swift Green Mechanostrider","1","0","0","0","0","0","0","0","0","0","0","0","0","0","0","0","0","0","0","0","0","0","0","0","0","1","0","0","0","1000000","1","1","1","64","24580","0","0","0","0","0","0","0","0","0","0","0","0","0","0","0","0","0","0","0","0","150","0","60","-1","0","0","0","0","0","0","0","0","0","0","0","0","0","0","0","0","0","0","0","0","254","0","0","0","0","0","0","0","0","0","0","1","0","-1","-1","-1","-1","-1","-1","-1","-1","-1","-1","0","0","0","0","0","4","0","0","0","0","0","0","0","0","0","0","0","60"
"18773","68","","","","","Swift White Mechanostrider","1","0","0","0","0","0","0","0","0","0","0","0","0","0","0","0","0","0","0","0","0","0","0","0","0","1","0","0","0","1000000","1","1","1","64","24580","0","0","0","0","0","0","0","0","0","0","0","0","0","0","0","0","0","0","0","0","150","0","60","-1","0","0","0","0","0","0","0","0","0","0","0","0","0","0","0","0","0","0","0","0","254","0","0","0","0","0","0","0","0","0","0","1","0","-1","-1","-1","-1","-1","-1","-1","-1","-1","-1","0","0","0","0","0","4","0","0","0","0","0","0","0","0","0","0","0","60"
"18774","68","","","","","Swift Yellow Mechanostrider","1","0","0","0","0","0","0","0","0","0","0","0","0","0","0","0","0","0","0","0","0","0","0","0","0","1","0","0","0","1000000","1","1","1","64","24580","0","0","0","0","0","0","0","0","0","0","0","0","0","0","0","0","0","0","0","0","150","0","60","-1","0","0","0","0","0","0","0","0","0","0","0","0","0","0","0","0","0","0","0","0","254","0","0","0","0","0","0","0","0","0","0","1","0","-1","-1","-1","-1","-1","-1","-1","-1","-1","-1","0","0","0","0","0","4","0","0","0","0","0","0","0","0","0","0","0","60"
"18776","77","","","","","Swift Palomino","1","0","0","0","0","0","0","0","0","0","0","0","0","0","0","0","0","0","0","0","0","0","0","0","0","1","0","0","0","1000000","1","1","1","64","24580","0","0","0","0","0","0","0","0","0","0","0","0","0","0","0","0","0","0","0","0","150","0","60","-1","0","0","0","0","0","0","0","0","0","0","0","0","0","0","0","0","0","0","0","0","254","0","0","0","0","0","0","0","0","0","0","1","0","-1","-1","-1","-1","-1","-1","-1","-1","-1","-1","0","0","0","0","0","4","0","0","0","0","0","0","0","0","0","0","0","60"
"18777","77","","","","","Swift Brown Steed","1","0","0","0","0","0","0","0","0","0","0","0","0","0","0","0","0","0","0","0","0","0","0","0","0","1","0","0","0","1000000","1","1","1","64","24580","0","0","0","0","0","0","0","0","0","0","0","0","0","0","0","0","0","0","0","0","150","0","60","-1","0","0","0","0","0","0","0","0","0","0","0","0","0","0","0","0","0","0","0","0","254","0","0","0","0","0","0","0","0","0","0","1","0","-1","-1","-1","-1","-1","-1","-1","-1","-1","-1","0","0","0","0","0","4","0","0","0","0","0","0","0","0","0","0","0","60"
"18778","77","","","","","Swift White Steed","1","0","0","0","0","0","0","0","0","0","0","0","0","0","0","0","0","0","0","0","0","0","0","0","0","1","0","0","0","1000000","1","1","1","64","24580","0","0","0","0","0","0","0","0","0","0","0","0","0","0","0","0","0","0","0","0","150","0","60","-1","0","0","0","0","0","0","0","0","0","0","0","0","0","0","0","0","0","0","0","0","254","0","0","0","0","0","0","0","0","0","0","1","0","-1","-1","-1","-1","-1","-1","-1","-1","-1","-1","0","0","0","0","0","4","0","0","0","0","0","0","0","0","0","0","0","60"
"18785","77","","","","","Swift White Ram","1","0","0","0","0","0","0","0","0","0","0","0","0","0","0","0","0","0","0","0","0","0","0","0","0","1","0","0","0","1000000","1","1","1","64","24580","0","0","0","0","0","0","0","0","0","0","0","0","0","0","0","0","0","0","0","0","150","0","60","-1","0","0","0","0","0","0","0","0","0","0","0","0","0","0","0","0","0","0","0","0","254","0","0","0","0","0","0","0","0","0","0","1","0","-1","-1","-1","-1","-1","-1","-1","-1","-1","-1","0","0","0","0","0","4","0","0","0","0","0","0","0","0","0","0","0","60"
"18786","77","","","","","Swift Brown Ram","1","0","0","0","0","0","0","0","0","0","0","0","0","0","0","0","0","0","0","0","0","0","0","0","0","1","0","0","0","1000000","1","1","1","64","24580","0","0","0","0","0","0","0","0","0","0","0","0","0","0","0","0","0","0","0","0","150","0","60","-1","0","0","0","0","0","0","0","0","0","0","0","0","0","0","0","0","0","0","0","0","254","0","0","0","0","0","0","0","0","0","0","1","0","-1","-1","-1","-1","-1","-1","-1","-1","-1","-1","0","0","0","0","0","4","0","0","0","0","0","0","0","0","0","0","0","60"
"18787","77","","","","","Swift Gray Ram","1","0","0","0","0","0","0","0","0","0","0","0","0","0","0","0","0","0","0","0","0","0","0","0","0","1","0","0","0","1000000","1","1","1","64","24580","0","0","0","0","0","0","0","0","0","0","0","0","0","0","0","0","0","0","0","0","150","0","60","-1","0","0","0","0","0","0","0","0","0","0","0","0","0","0","0","0","0","0","0","0","254","0","0","0","0","0","0","0","0","0","0","1","0","-1","-1","-1","-1","-1","-1","-1","-1","-1","-1","0","0","0","0","0","4","0","0","0","0","0","0","0","0","0","0","0","60"
"18788","146","","","","","Swift Blue Raptor","1","0","0","0","0","0","0","0","0","0","0","0","0","0","0","0","0","0","0","0","0","0","0","0","0","1","0","0","0","1000000","1","1","1","64","24580","0","0","0","0","0","0","0","0","0","0","0","0","0","0","0","0","0","0","0","0","150","0","60","-1","0","0","0","0","0","0","0","0","0","0","0","0","0","0","0","0","0","0","0","0","254","0","0","0","0","0","0","0","0","0","0","1","0","-1","-1","-1","-1","-1","-1","-1","-1","-1","-1","0","0","0","0","0","4","0","0","0","0","0","0","0","0","0","0","0","60"
"18789","146","","","","","Swift Olive Raptor","1","0","0","0","0","0","0","0","0","0","0","0","0","0","0","0","0","0","0","0","0","0","0","0","0","1","0","0","0","1000000","1","1","1","64","24580","0","0","0","0","0","0","0","0","0","0","0","0","0","0","0","0","0","0","0","0","150","0","60","-1","0","0","0","0","0","0","0","0","0","0","0","0","0","0","0","0","0","0","0","0","254","0","0","0","0","0","0","0","0","0","0","1","0","-1","-1","-1","-1","-1","-1","-1","-1","-1","-1","0","0","0","0","0","4","0","0","0","0","0","0","0","0","0","0","0","60"
"18790","146","","","","","Swift Orange Raptor","1","0","0","0","0","0","0","0","0","0","0","0","0","0","0","0","0","0","0","0","0","0","0","0","0","1","0","0","0","1000000","1","1","1","64","24580","0","0","0","0","0","0","0","0","0","0","0","0","0","0","0","0","0","0","0","0","150","0","60","-1","0","0","0","0","0","0","0","0","0","0","0","0","0","0","0","0","0","0","0","0","254","0","0","0","0","0","0","0","0","0","0","1","0","-1","-1","-1","-1","-1","-1","-1","-1","-1","-1","0","0","0","0","0","4","0","0","0","0","0","0","0","0","0","0","0","60"
"18791","146","","","","","Purple Skeletal Warhorse","1","0","0","0","0","0","0","0","0","0","0","0","0","0","0","0","0","0","0","0","0","0","0","0","0","1","0","0","0","1000000","1","1","1","64","24580","0","0","0","0","0","0","0","0","0","0","0","0","0","0","0","0","0","0","0","0","150","0","60","-1","0","0","0","0","0","0","0","0","0","0","0","0","0","0","0","0","0","0","0","0","254","0","0","0","0","0","0","0","0","0","0","1","0","-1","-1","-1","-1","-1","-1","-1","-1","-1","-1","0","0","0","0","0","4","0","0","0","0","0","0","0","0","0","0","0","60"
"18793","690","","","","","Great White Kodo","1","0","0","0","0","0","0","0","0","0","0","0","0","0","0","0","0","0","0","0","0","0","0","0","0","1","0","0","0","1000000","1","1","1","64","24580","0","0","0","0","0","0","0","0","0","0","0","0","0","0","0","0","0","0","0","0","150","0","60","-1","0","0","0","0","0","0","0","0","0","0","0","0","0","0","0","0","0","0","0","0","254","0","0","0","0","0","0","0","0","0","0","1","0","-1","-1","-1","-1","-1","-1","-1","-1","-1","-1","0","0","0","0","0","4","0","0","0","0","0","0","0","0","0","0","0","60"
"18794","690","","","","","Great Brown Kodo","1","0","0","0","0","0","0","0","0","0","0","0","0","0","0","0","0","0","0","0","0","0","0","0","0","1","0","0","0","1000000","1","1","1","64","24580","0","0","0","0","0","0","0","0","0","0","0","0","0","0","0","0","0","0","0","0","150","0","60","-1","0","0","0","0","0","0","0","0","0","0","0","0","0","0","0","0","0","0","0","0","254","0","0","0","0","0","0","0","0","0","0","1","0","-1","-1","-1","-1","-1","-1","-1","-1","-1","-1","0","0","0","0","0","4","0","0","0","0","0","0","0","0","0","0","0","60"
"18795","690","","","","","Great Gray Kodo","1","0","0","0","0","0","0","0","0","0","0","0","0","0","0","0","0","0","0","0","0","0","0","0","0","1","0","0","0","1000000","1","1","1","64","24580","0","0","0","0","0","0","0","0","0","0","0","0","0","0","0","0","0","0","0","0","150","0","60","-1","0","0","0","0","0","0","0","0","0","0","0","0","0","0","0","0","0","0","0","0","254","0","0","0","0","0","0","0","0","0","0","1","0","-1","-1","-1","-1","-1","-1","-1","-1","-1","-1","0","0","0","0","0","4","0","0","0","0","0","0","0","0","0","0","0","60"
"18796","178","","","","","Horn of the Swift Brown Wolf","1","0","0","0","0","0","0","0","0","0","0","0","0","0","0","0","0","0","0","0","0","0","0","0","0","1","0","0","0","1000000","1","1","1","64","24580","0","0","0","0","0","0","0","0","0","0","0","0","0","0","0","0","0","0","0","0","150","0","60","-1","0","0","0","0","0","0","0","0","0","0","0","0","0","0","0","0","0","0","0","0","254","0","0","0","0","0","0","0","0","0","0","1","0","-1","-1","-1","-1","-1","-1","-1","-1","-1","-1","0","0","0","0","0","4","0","0","0","0","0","0","0","0","0","0","0","60"
"18797","178","","","","","Horn of the Swift Timber Wolf","1","0","0","0","0","0","0","0","0","0","0","0","0","0","0","0","0","0","0","0","0","0","0","0","0","1","0","0","0","1000000","1","1","1","64","24580","0","0","0","0","0","0","0","0","0","0","0","0","0","0","0","0","0","0","0","0","150","0","60","-1","0","0","0","0","0","0","0","0","0","0","0","0","0","0","0","0","0","0","0","0","254","0","0","0","0","0","0","0","0","0","0","1","0","-1","-1","-1","-1","-1","-1","-1","-1","-1","-1","0","0","0","0","0","4","0","0","0","0","0","0","0","0","0","0","0","60"
"18798","178","","","","","Horn of the Swift Gray Wolf","1","0","0","0","0","0","0","0","0","0","0","0","0","0","0","0","0","0","0","0","0","0","0","0","0","1","0","0","0","1000000","1","1","1","64","24580","0","0","0","0","0","0","0","0","0","0","0","0","0","0","0","0","0","0","0","0","150","0","60","-1","0","0","0","0","0","0","0","0","0","0","0","0","0","0","0","0","0","0","0","0","254","0","0","0","0","0","0","0","0","0","0","1","0","-1","-1","-1","-1","-1","-1","-1","-1","-1","-1","0","0","0","0","0","4","0","0","0","0","0","0","0","0","0","0","0","60"
"18902","77","","","","","Reins of the Swift Stormsaber","1","0","0","0","0","0","0","0","0","0","0","0","0","0","0","0","0","0","0","0","0","0","0","0","0","1","0","0","0","1000000","1","1","1","64","24580","0","0","0","0","0","0","0","0","0","0","0","0","0","0","0","0","0","0","0","0","150","0","60","-1","0","0","0","0","0","0","0","0","0","0","0","0","0","0","0","0","0","0","0","0","254","0","0","0","0","0","0","0","0","0","0","1","0","-1","-1","-1","-1","-1","-1","-1","-1","-1","-1","0","0","0","0","0","4","0","0","0","0","0","0","0","0","0","0","0","60"
"19029","-1","","","","","Horn of the Frostwolf Howler","1","0","0","0","0","0","0","0","0","0","0","0","0","0","0","0","0","0","0","0","0","0","0","0","0","1","0","0","0","100000","1","1","1","64","24580","0","0","0","0","0","0","0","0","0","0","0","0","0","0","0","0","0","0","0","0","150","0","60","-1","0","0","0","0","0","0","0","0","0","0","0","0","0","0","0","0","0","0","0","0","254","0","0","0","0","0","0","0","0","0","0","1","0","-1","-1","-1","-1","-1","-1","-1","-1","-1","-1","0","0","0","0","0","4","0","0","0","0","0","0","0","0","0","0","0","60"
"19030","-1","","","","","Stormpike Battle Charger","1","0","0","0","0","0","0","0","0","0","0","0","0","0","0","0","0","0","0","0","0","0","0","0","0","1","0","0","0","100000","1","1","1","64","24580","0","0","0","0","0","0","0","0","0","0","0","0","0","0","0","0","0","0","0","0","150","0","60","-1","0","0","0","0","0","0","0","0","0","0","0","0","0","0","0","0","0","0","0","0","254","0","0","0","0","0","0","0","0","0","0","1","0","-1","-1","-1","-1","-1","-1","-1","-1","-1","-1","0","0","0","0","0","4","0","0","0","0","0","0","0","0","0","0","0","60"
"19872","-1","","","","","Swift Razzashi Raptor","1","0","0","0","0","0","0","0","0","0","0","0","0","0","0","0","0","0","0","0","0","0","0","0","0","1","1","0","0","0","1","1","1","64","24580","0","0","0","0","0","0","0","0","0","0","0","0","0","0","0","0","0","0","0","0","150","0","60","-1","0","0","0","0","0","0","0","0","0","0","0","0","0","0","0","0","0","0","0","0","254","0","0","0","0","0","0","0","0","0","0","1","0","-1","-1","-1","-1","-1","-1","-1","-1","-1","-1","0","0","0","0","0","4","0","0","0","0","0","0","0","0","0","0","0","60"
"19902","-1","","","","","Swift Zulian Tiger","1","0","0","0","0","0","0","0","0","0","0","0","0","0","0","0","0","0","0","0","0","0","0","0","0","1","1","0","0","0","1","1","1","64","24580","0","0","0","0","0","0","0","0","0","0","0","0","0","0","0","0","0","0","0","0","150","0","60","-1","0","0","0","0","0","0","0","0","0","0","0","0","0","0","0","0","0","0","0","0","254","0","0","0","0","0","0","0","0","0","0","1","0","-1","-1","-1","-1","-1","-1","-1","-1","-1","-1","0","0","0","0","0","4","0","0","0","0","0","0","0","0","0","0","0","60"
"19945","-1","","","","","Foror's Eyepatch","1","0","0","0","0","0","0","0","0","0","0","0","0","0","0","0","0","0","0","0","0","0","0","0","0","1","1","0","30936","154680","1","1","1","0","24580","0","0","0","70","0","0","0","0","0","0","0","0","0","0","0","0","0","0","0","0","0","0","65","-1","0","0","0","0","0","0","0","0","0","0","0","0","160","0","0","0","0","0","0","0","254","0","0","0","0","0","0","0","8","0","0","1","0","7","-1","-1","-1","-1","-1","-1","-1","-1","-1","0","0","0","0","1","4","0","19","0","0","0","0","0","0","0","0","0","60"
"19973","-1","","","","","Nat's Measuring Tape","1","0","0","0","0","0","0","0","0","0","0","0","0","0","0","0","0","0","0","0","0","0","0","0","0","1","1","0","0","0","1","1","1","0","24580","0","0","0","0","0","0","0","0","0","0","0","0","0","0","0","0","8227","0","0","0","0","0","1","-1","0","0","0","0","0","0","0","0","0","0","0","0","0","0","0","0","0","0","0","0","254","0","0","0","0","0","0","0","0","0","0","4","0","-1","-1","-1","-1","-1","-1","-1","-1","-1","-1","0","0","0","0","0","1","0","0","0","0","0","0","0","0","0","0","0","0"
"20221","-1","","","","","Foror's Fabled Steed","1","0","0","0","0","0","0","0","0","0","0","0","0","0","0","0","0","0","0","0","0","0","0","0","0","1","1","0","0","10000000","1","1","1","64","24580","0","0","0","0","0","0","0","0","0","0","0","0","0","0","0","0","0","0","0","0","0","0","60","-1","0","0","0","0","0","0","0","0","0","0","0","0","0","0","0","0","0","0","0","0","254","0","0","0","0","0","0","0","0","0","0","1","0","-1","-1","-1","-1","-1","-1","-1","-1","-1","-1","0","0","0","0","0","5","0","0","0","0","0","0","0","0","0","0","0","60"
"20460","-1","","","","","Brann Bronzebeard's Lost Letter","1","0","0","0","0","0","0","0","0","0","0","0","0","0","0","0","0","0","0","0","0","0","0","0","0","1","1","0","0","0","1","1","1","2064","24580","0","0","0","0","0","0","0","0","0","0","0","0","0","0","0","0","0","0","0","0","0","0","60","-1","0","0","32","0","0","0","0","33","0","0","0","0","0","0","0","0","0","0","0","0","254","0","0","0","0","0","0","0","0","0","0","1","0","-1","-1","-1","-1","-1","-1","-1","-1","-1","-1","0","0","0","0","0","1","0","0","0","0","0","0","0","0","0","0","0","58"
"20946","-1","","","","","Tactical Task Briefing III","1","0","0","0","0","0","0","0","0","0","0","0","0","0","0","0","0","0","0","0","0","0","0","0","0","1","1","0","0","0","1","1","1","0","24580","0","0","0","0","0","0","0","0","0","0","0","0","0","0","0","0","0","0","0","0","0","0","60","-1","0","0","0","0","0","0","0","0","0","0","0","0","0","0","0","0","0","0","0","0","254","0","0","0","0","0","0","0","0","0","0","1","0","-1","-1","-1","-1","-1","-1","-1","-1","-1","-1","0","0","0","0","0","2","0","0","0","0","0","0","0","0","0","0","0","58"
"21044","-1","","","","","Reindeer Reins","1","0","0","0","0","0","0","0","0","0","0","0","0","0","0","0","0","0","0","0","0","0","0","0","0","1","1","0","250","1250","1","1","1","64","24580","0","0","0","0","0","0","0","0","0","0","0","0","0","0","0","0","0","0","0","0","0","0","1","-1","0","0","0","0","0","0","0","0","0","0","0","0","0","0","0","0","0","0","0","0","254","0","0","0","0","0","0","0","0","0","0","1","0","-1","-1","-1","-1","-1","-1","-1","-1","-1","-1","0","0","0","0","0","3","0","0","0","0","0","0","0","0","0","0","0","1"
"21103","255","Chapter I","","","","Draconic for Dummies","1","0","0","0","0","0","0","0","0","0","0","0","0","0","0","0","0","0","0","0","0","0","0","0","0","1","1","0","0","0","1","1","1","32768","24580","0","0","0","0","0","0","0","0","0","0","0","0","0","0","0","0","0","0","0","0","0","0","1","32767","0","0","0","0","0","0","0","0","0","0","0","0","0","0","0","0","0","0","0","0","254","0","0","0","0","0","0","0","0","0","0","1","0","-1","-1","-1","-1","-1","-1","-1","-1","-1","-1","0","0","0","0","0","1","0","0","0","0","0","0","0","0","0","0","0","0"
"21104","511","Chapter II","","","","Draconic for Dummies","1","0","0","0","0","0","0","0","0","0","0","0","0","0","0","0","0","0","0","0","0","0","0","0","0","1","1","0","0","0","1","1","1","32768","24580","0","0","0","0","0","0","0","0","0","0","0","0","0","0","0","0","0","0","0","0","0","0","1","32767","0","0","0","0","0","0","0","0","0","0","0","0","0","0","0","0","0","0","0","0","254","0","0","0","0","0","0","0","0","0","0","1","0","-1","-1","-1","-1","-1","-1","-1","-1","-1","-1","0","0","0","0","0","1","0","0","0","0","0","0","0","0","0","0","0","0"
"21105","511","Chapter III","","","","Draconic for Dummies","1","0","0","0","0","0","0","0","0","0","0","0","0","0","0","0","0","0","0","0","0","0","0","0","0","1","1","0","0","0","1","1","1","32768","24580","0","0","0","0","0","0","0","0","0","0","0","0","0","0","0","0","0","0","0","0","0","0","1","32767","0","0","0","0","0","0","0","0","0","0","0","0","0","0","0","0","0","0","0","0","254","0","0","0","0","0","0","0","0","0","0","1","0","-1","-1","-1","-1","-1","-1","-1","-1","-1","-1","0","0","0","0","0","1","0","0","0","0","0","0","0","0","0","0","0","0"
"21106","255","Chapter IV","","","","Draconic for Dummies","1","0","0","0","0","0","0","0","0","0","0","0","0","0","0","0","0","0","0","0","0","0","0","0","0","1","1","0","0","0","1","1","1","32768","24580","0","0","0","0","0","0","0","0","0","0","0","0","0","0","0","0","0","0","0","0","0","0","1","32767","0","0","0","0","0","0","0","0","0","0","0","0","0","0","0","0","0","0","0","0","254","0","0","0","0","0","0","0","0","0","0","1","0","-1","-1","-1","-1","-1","-1","-1","-1","-1","-1","0","0","0","0","0","1","0","0","0","0","0","0","0","0","0","0","0","0"
"21107","255","Chapter V","","","","Draconic for Dummies","1","0","0","0","0","0","0","0","0","0","0","0","0","0","0","0","0","0","0","0","0","0","0","0","0","1","1","0","0","0","1","1","1","32768","24580","0","0","0","0","0","0","0","0","0","0","0","0","0","0","0","0","0","0","0","0","0","0","1","32767","0","0","0","0","0","0","0","0","0","0","0","0","0","0","0","0","0","0","0","0","254","0","0","0","0","0","0","0","0","0","0","1","0","-1","-1","-1","-1","-1","-1","-1","-1","-1","-1","0","0","0","0","0","1","0","0","0","0","0","0","0","0","0","0","0","0"
"21108","255","Chapter VI","","","","Draconic for Dummies","1","0","0","0","0","0","0","0","0","0","0","0","0","0","0","0","0","0","0","0","0","0","0","0","0","1","1","0","0","0","1","1","1","32768","24580","0","0","0","0","0","0","0","0","0","0","0","0","0","0","0","0","0","0","0","0","0","0","1","32767","0","0","0","0","0","0","0","0","0","0","0","0","0","0","0","0","0","0","0","0","254","0","0","0","0","0","0","0","0","0","0","1","0","-1","-1","-1","-1","-1","-1","-1","-1","-1","-1","0","0","0","0","0","1","0","0","0","0","0","0","0","0","0","0","0","0"
"21109","511","Chapter VII","","","","Draconic for Dummies","1","0","0","0","0","0","0","0","0","0","0","0","0","0","0","0","0","0","0","0","0","0","0","0","0","1","1","0","0","0","1","1","1","32768","24580","0","0","0","0","0","0","0","0","0","0","0","0","0","0","0","0","0","0","0","0","0","0","1","32767","0","0","0","0","0","0","0","0","0","0","0","0","0","0","0","0","0","0","0","0","254","0","0","0","0","0","0","0","0","0","0","1","0","-1","-1","-1","-1","-1","-1","-1","-1","-1","-1","0","0","0","0","0","1","0","0","0","0","0","0","0","0","0","0","0","0"
"21110","255","Chapter VIII","","","","Draconic for Dummies","1","0","0","0","0","0","0","0","0","0","0","0","0","0","0","0","0","0","0","0","0","0","0","0","0","1","1","0","0","0","1","1","1","32768","24580","0","0","0","0","0","0","0","0","0","0","0","0","0","0","0","0","0","0","0","0","0","0","1","32767","0","0","0","0","0","0","0","0","0","0","0","0","0","0","0","0","0","0","0","0","254","0","0","0","0","0","0","0","0","0","0","1","0","-1","-1","-1","-1","-1","-1","-1","-1","-1","-1","0","0","0","0","0","1","0","0","0","0","0","0","0","0","0","0","0","0"
"21137","255","","","","","Blue Scepter Shard","1","0","0","0","0","0","0","0","0","0","0","0","0","0","0","0","0","0","0","0","0","0","0","0","0","1","1","0","0","0","1","1","1","0","24580","0","0","0","0","0","0","0","0","0","0","0","0","0","0","0","0","0","0","0","0","0","0","1","32767","0","0","0","0","0","0","0","0","0","0","0","0","0","0","0","0","0","0","0","0","254","0","0","0","0","0","0","0","0","0","0","4","0","-1","-1","-1","-1","-1","-1","-1","-1","-1","-1","0","0","0","0","0","1","0","0","0","0","0","0","0","0","0","0","0","0"
"21138","-1","","","","","Red Scepter Shard","1","0","0","0","0","0","0","0","0","0","0","0","0","0","0","0","0","0","0","0","0","0","0","0","0","1","1","0","0","0","1","1","1","0","24580","0","0","0","0","0","0","0","0","0","0","0","0","0","0","0","0","0","0","0","0","0","0","1","32767","0","0","0","0","0","0","0","0","0","0","0","0","0","0","0","0","0","0","0","0","254","0","0","0","0","0","0","0","0","0","0","4","0","-1","-1","-1","-1","-1","-1","-1","-1","-1","-1","0","0","0","0","0","1","0","0","0","0","0","0","0","0","0","0","0","0"
"21139","255","","","","","Green Scepter Shard","1","0","0","0","0","0","0","0","0","0","0","0","0","0","0","0","0","0","0","0","0","0","0","0","0","1","1","0","0","0","1","1","1","0","24580","0","0","0","0","0","0","0","0","0","0","0","0","0","0","0","0","0","0","0","0","0","0","1","32767","0","0","0","0","0","0","0","0","0","0","0","0","0","0","0","0","0","0","0","0","254","0","0","0","0","0","0","0","0","0","0","4","0","-1","-1","-1","-1","-1","-1","-1","-1","-1","-1","0","0","0","0","0","1","0","0","0","0","0","0","0","0","0","0","0","0"
"21176","-1","","","","","Black Qiraji Resonating Crystal","1","0","0","0","0","0","0","0","0","0","0","0","0","0","0","0","0","0","0","0","0","0","0","0","0","1","1","0","0","1000000","1","1","1","32832","24580","0","0","0","0","0","0","0","0","0","0","0","0","0","0","0","0","0","0","0","0","150","0","60","-1","0","0","0","0","0","0","0","0","0","0","0","0","0","0","0","0","0","0","0","0","254","0","0","0","0","0","0","0","0","0","0","1","0","-1","-1","-1","-1","-1","-1","-1","-1","-1","-1","0","0","0","0","0","5","0","0","0","0","0","0","0","0","0","0","0","60"
"21218","-1","","","","","Blue Qiraji Resonating Crystal","1","0","0","0","0","0","0","0","0","0","0","0","0","0","0","0","0","0","0","0","0","0","0","0","0","1","1","0","0","1000000","1","1","1","32832","24580","0","0","0","0","0","0","0","0","0","0","0","0","0","0","0","0","0","0","0","0","75","0","60","-1","0","0","0","0","0","0","0","0","0","0","0","0","0","0","0","0","0","0","0","0","254","0","0","0","0","0","0","0","0","0","0","1","0","-1","-1","-1","-1","-1","-1","-1","-1","-1","-1","0","0","0","0","0","3","0","0","0","0","0","0","0","0","0","0","0","60"
"21246","-1","","","","","Combat Task Briefing I","1","0","0","0","0","0","0","0","0","0","0","0","0","0","0","0","0","0","0","0","0","0","0","0","0","1","1","0","0","0","1","1","1","0","24580","0","0","0","0","0","0","0","0","0","0","0","0","0","0","0","0","0","0","0","0","0","0","60","-1","0","0","0","0","0","0","0","0","0","0","0","0","0","0","0","0","0","0","0","0","254","0","0","0","0","0","0","0","0","0","0","1","0","-1","-1","-1","-1","-1","-1","-1","-1","-1","-1","0","0","0","0","0","2","0","0","0","0","0","0","0","0","0","0","0","58"
"21247","-1","","","","","Combat Task Briefing II","1","0","0","0","0","0","0","0","0","0","0","0","0","0","0","0","0","0","0","0","0","0","0","0","0","1","1","0","0","0","1","1","1","0","24580","0","0","0","0","0","0","0","0","0","0","0","0","0","0","0","0","0","0","0","0","0","0","60","-1","0","0","0","0","0","0","0","0","0","0","0","0","0","0","0","0","0","0","0","0","254","0","0","0","0","0","0","0","0","0","0","1","0","-1","-1","-1","-1","-1","-1","-1","-1","-1","-1","0","0","0","0","0","2","0","0","0","0","0","0","0","0","0","0","0","58"
"21321","-1","","","","","Red Qiraji Resonating Crystal","1","0","0","0","0","0","0","0","0","0","0","0","0","0","0","0","0","0","0","0","0","0","0","0","0","1","1","0","0","1000000","1","1","1","32832","24580","0","0","0","0","0","0","0","0","0","0","0","0","0","0","0","0","0","0","0","0","75","0","60","-1","0","0","0","0","0","0","0","0","0","0","0","0","0","0","0","0","0","0","0","0","254","0","0","0","0","0","0","0","0","0","0","1","0","-1","-1","-1","-1","-1","-1","-1","-1","-1","-1","0","0","0","0","0","3","0","0","0","0","0","0","0","0","0","0","0","60"
"21323","-1","","","","","Green Qiraji Resonating Crystal","1","0","0","0","0","0","0","0","0","0","0","0","0","0","0","0","0","0","0","0","0","0","0","0","0","1","1","0","0","1000000","1","1","1","32832","24580","0","0","0","0","0","0","0","0","0","0","0","0","0","0","0","0","0","0","0","0","75","0","60","-1","0","0","0","0","0","0","0","0","0","0","0","0","0","0","0","0","0","0","0","0","254","0","0","0","0","0","0","0","0","0","0","1","0","-1","-1","-1","-1","-1","-1","-1","-1","-1","-1","0","0","0","0","0","3","0","0","0","0","0","0","0","0","0","0","0","60"
"21324","-1","","","","","Yellow Qiraji Resonating Crystal","1","0","0","0","0","0","0","0","0","0","0","0","0","0","0","0","0","0","0","0","0","0","0","0","0","1","1","0","0","1000000","1","1","1","32832","24580","0","0","0","0","0","0","0","0","0","0","0","0","0","0","0","0","0","0","0","0","75","0","60","-1","0","0","0","0","0","0","0","0","0","0","0","0","0","0","0","0","0","0","0","0","254","0","0","0","0","0","0","0","0","0","0","1","0","-1","-1","-1","-1","-1","-1","-1","-1","-1","-1","0","0","0","0","0","3","0","0","0","0","0","0","0","0","0","0","0","60"
"22728","-1","Take control of a Steam Tonk.","","","","Steam Tonk Controller","1","0","0","0","0","0","0","0","0","0","0","0","0","0","0","0","0","0","0","0","0","0","0","0","0","1","0","0","5000","20000","1","1","1","64","24580","0","0","0","0","0","0","0","0","0","0","0","0","0","0","0","0","0","0","0","0","0","0","55","32767","0","0","0","0","0","0","0","0","0","0","0","0","0","0","0","0","0","0","0","0","254","0","0","0","0","0","0","0","0","0","0","0","0","-1","-1","-1","-1","-1","-1","-1","-1","-1","-1","0","0","0","0","0","1","0","0","0","0","0","0","0","0","0","0","0","0"
"23051","255","","","","","Glaive of the Defender","1","0","0","0","0","0","0","0","0","0","0","0","0","0","0","0","0","0","0","0","0","0","0","0","0","1","1","0","763810","1265810","1","1","1","0","24580","0","0","0","145","0","0","0","0","0","0","0","0","0","0","0","0","0","0","2300","0","0","0","86","1","0","0","138","0","0","0","0","210","0","0","0","0","80","0","0","0","8","8","0","0","254","0","0","0","0","0","0","3","0","0","0","1","0","7","4","3","-1","-1","-1","-1","-1","-1","-1","0","0","0","0","21","5","0","18","12","12","0","0","0","0","0","0","0","60"
"23064","-1","","","","","Ring of The Dreamwalker","1","0","0","0","0","0","0","0","0","0","0","0","0","0","0","0","0","0","0","0","0","0","0","0","0","1","1","0","60256","241024","1","1","1","0","24580","0","0","0","0","0","0","0","0","0","0","0","0","0","0","521","0","0","0","0","0","0","0","92","1024","0","0","0","0","0","0","0","0","0","0","0","0","0","0","0","0","0","0","0","0","254","0","0","0","0","0","0","0","3","0","0","1","0","7","5","6","-1","-1","-1","-1","-1","-1","-1","0","0","0","0","11","4","0","16","16","16","0","0","0","0","0","0","0","60"
"23162","-1","The bottom of the crate is leaking. Leaking tears...","","","","Foror's Crate of Endless Resist Gear Storage","1","0","0","0","0","0","0","0","0","0","0","0","0","0","0","0","0","0","0","0","0","0","0","0","0","1","0","0","0","0","1","1","1","0","24580","0","0","0","0","0","0","0","0","0","0","0","0","0","0","0","0","0","0","0","0","0","0","60","32767","0","0","0","0","0","0","0","0","0","0","0","0","0","0","0","0","0","0","0","0","254","0","0","0","0","0","0","0","0","0","0","1","0","-1","-1","-1","-1","-1","-1","-1","-1","-1","-1","30","0","0","0","18","1","0","0","0","0","0","0","0","0","0","0","0","60"
"24282","-1","All the pages are blank.","","","","Rogue's Diary","1","0","0","0","0","0","0","0","0","0","0","0","0","0","0","0","0","0","0","0","0","0","0","0","0","5","0","0","4562","18250","1","1","1","0","24580","0","0","0","0","0","0","0","0","0","0","0","0","0","0","0","0","0","0","0","0","0","0","1","-1","0","0","0","0","0","0","0","0","0","0","0","0","0","0","0","0","0","0","0","0","254","0","0","0","0","0","0","0","0","0","0","0","0","-1","-1","-1","-1","-1","-1","-1","-1","-1","-1","0","0","0","0","0","0","0","0","0","0","0","0","0","0","0","0","0","0"
"24418","-1","","","","","Monster - Dagger Badass Naxx","1","0","0","0","0","0","0","0","0","0","0","0","0","0","0","0","0","0","0","0","0","0","0","0","0","1","0","0","0","0","1","1","1","0","24580","0","0","0","0","0","0","0","0","0","0","0","0","0","0","0","0","0","0","0","0","0","0","1","-1","0","0","0","0","0","0","0","0","0","0","0","0","0","0","0","0","0","0","0","0","254","0","0","0","0","0","0","3","1","0","0","0","0","-1","-1","-1","-1","-1","-1","-1","-1","-1","-1","0","0","0","0","13","0","0","0","0","0","0","0","0","0","0","0","0","1"
"25818","-1","","","","","Monster - Shield, Legion","1","0","0","0","0","0","0","0","0","0","0","0","0","0","0","0","0","0","0","0","0","0","0","0","0","1","0","0","0","0","1","1","1","0","24580","0","0","0","0","0","0","0","0","0","0","0","0","0","0","0","0","0","0","0","0","0","0","1","-1","0","0","0","0","0","0","0","0","0","0","0","0","0","0","0","0","0","0","0","0","254","0","0","0","0","0","0","4","1","0","0","0","0","-1","-1","-1","-1","-1","-1","-1","-1","-1","-1","0","0","0","0","14","0","0","0","0","0","0","0","0","0","0","0","0","1"